Date;DF
12/08/2021;0.999975625
13/08/2021;0.999972143
14/08/2021;0.999968661
15/08/2021;0.999965178
16/08/2021;0.999961696
17/08/2021;0.999958214
18/08/2021;0.999954732
19/08/2021;0.99995125
20/08/2021;0.999947768
21/08/2021;0.999944286
22/08/2021;0.999940804
23/08/2021;0.999937322
24/08/2021;0.99993384
25/08/2021;0.999930358
26/08/2021;0.999926876
27/08/2021;0.999923394
28/08/2021;0.999919912
29/08/2021;0.99991643
30/08/2021;0.999912948
31/08/2021;0.999909466
01/09/2021;0.999905984
02/09/2021;0.999902503
03/09/2021;0.999899021
04/09/2021;0.999895539
05/09/2021;0.999892057
06/09/2021;0.999888575
07/09/2021;0.999885093
08/09/2021;0.999881612
09/09/2021;0.99987813
10/09/2021;0.999874648
11/09/2021;0.999871166
12/09/2021;0.999867684
13/09/2021;0.999864203
14/09/2021;0.999860721
15/09/2021;0.999857239
16/09/2021;0.999853757
17/09/2021;0.999850276
18/09/2021;0.999846794
19/09/2021;0.999843312
20/09/2021;0.999839831
21/09/2021;0.999836349
22/09/2021;0.999832867
23/09/2021;0.999829386
24/09/2021;0.999825904
25/09/2021;0.999822423
26/09/2021;0.999818941
27/09/2021;0.999815459
28/09/2021;0.999811978
29/09/2021;0.999808496
30/09/2021;0.999805015
01/10/2021;0.999801533
02/10/2021;0.999798052
03/10/2021;0.99979457
04/10/2021;0.999791089
05/10/2021;0.999787607
06/10/2021;0.999784126
07/10/2021;0.999780644
08/10/2021;0.999777163
09/10/2021;0.999773681
10/10/2021;0.9997702
11/10/2021;0.999766718
12/10/2021;0.999763237
13/10/2021;0.999759756
14/10/2021;0.999756274
15/10/2021;0.999752793
16/10/2021;0.999749312
17/10/2021;0.99974583
18/10/2021;0.999742349
19/10/2021;0.999738868
20/10/2021;0.999735386
21/10/2021;0.999731905
22/10/2021;0.999728424
23/10/2021;0.999724942
24/10/2021;0.999721461
25/10/2021;0.99971798
26/10/2021;0.999714499
27/10/2021;0.999711018
28/10/2021;0.999707536
29/10/2021;0.999704055
30/10/2021;0.999700574
31/10/2021;0.999697093
01/11/2021;0.999693612
02/11/2021;0.99969013
03/11/2021;0.999686649
04/11/2021;0.999683168
05/11/2021;0.999679687
06/11/2021;0.999676206
07/11/2021;0.999672725
08/11/2021;0.999669244
09/11/2021;0.999665763
10/11/2021;0.999662133
11/11/2021;0.999658503
12/11/2021;0.999654873
13/11/2021;0.999651244
14/11/2021;0.999647614
15/11/2021;0.999643984
16/11/2021;0.999640354
17/11/2021;0.999636725
18/11/2021;0.999633095
19/11/2021;0.999629465
20/11/2021;0.999625835
21/11/2021;0.999622206
22/11/2021;0.999618576
23/11/2021;0.999614946
24/11/2021;0.999611317
25/11/2021;0.999607687
26/11/2021;0.999604058
27/11/2021;0.999600428
28/11/2021;0.999596798
29/11/2021;0.999593169
30/11/2021;0.999589539
01/12/2021;0.99958591
02/12/2021;0.99958228
03/12/2021;0.999578651
04/12/2021;0.999575021
05/12/2021;0.999571392
06/12/2021;0.999567762
07/12/2021;0.999564133
08/12/2021;0.999560503
09/12/2021;0.999556874
10/12/2021;0.999553244
11/12/2021;0.999549615
12/12/2021;0.999545985
13/12/2021;0.999542356
14/12/2021;0.999538727
15/12/2021;0.999535097
16/12/2021;0.999530309
17/12/2021;0.999525521
18/12/2021;0.999520732
19/12/2021;0.999515944
20/12/2021;0.999511156
21/12/2021;0.999506367
22/12/2021;0.999501579
23/12/2021;0.999496791
24/12/2021;0.999492003
25/12/2021;0.999487214
26/12/2021;0.999482426
27/12/2021;0.999477638
28/12/2021;0.99947285
29/12/2021;0.999468062
30/12/2021;0.999463274
31/12/2021;0.999458486
01/01/2022;0.999453698
02/01/2022;0.99944891
03/01/2022;0.999444122
04/01/2022;0.999439334
05/01/2022;0.999434546
06/01/2022;0.999429758
07/01/2022;0.99942497
08/01/2022;0.999420182
09/01/2022;0.999415394
10/01/2022;0.999410607
11/01/2022;0.999405819
12/01/2022;0.999401031
13/01/2022;0.999396243
14/01/2022;0.999391455
15/01/2022;0.999386668
16/01/2022;0.99938188
17/01/2022;0.999377092
18/01/2022;0.999372305
19/01/2022;0.999367517
20/01/2022;0.99936273
21/01/2022;0.999357942
22/01/2022;0.999353154
23/01/2022;0.999348367
24/01/2022;0.999343579
25/01/2022;0.999338792
26/01/2022;0.999334004
27/01/2022;0.999329217
28/01/2022;0.99932443
29/01/2022;0.999319642
30/01/2022;0.999314855
31/01/2022;0.999310068
01/02/2022;0.99930528
02/02/2022;0.999300493
03/02/2022;0.999295706
04/02/2022;0.999290918
05/02/2022;0.999286131
06/02/2022;0.999281344
07/02/2022;0.999276557
08/02/2022;0.99927177
09/02/2022;0.999266983
10/02/2022;0.999262195
11/02/2022;0.999257408
12/02/2022;0.999252621
13/02/2022;0.999247834
14/02/2022;0.999243047
15/02/2022;0.99923826
16/02/2022;0.999233473
17/02/2022;0.999228686
18/02/2022;0.999223899
19/02/2022;0.999219112
20/02/2022;0.999214326
21/02/2022;0.999209539
22/02/2022;0.999204752
23/02/2022;0.999199965
24/02/2022;0.999195178
25/02/2022;0.999190392
26/02/2022;0.999185605
27/02/2022;0.999180818
28/02/2022;0.999176031
01/03/2022;0.999171245
02/03/2022;0.999166458
03/03/2022;0.999161671
04/03/2022;0.999156885
05/03/2022;0.999152098
06/03/2022;0.999147312
07/03/2022;0.999142525
08/03/2022;0.999137739
09/03/2022;0.999132952
10/03/2022;0.999128166
11/03/2022;0.999123379
12/03/2022;0.999118593
13/03/2022;0.999113806
14/03/2022;0.99910902
15/03/2022;0.999104234
16/03/2022;0.999099863
17/03/2022;0.999095493
18/03/2022;0.999091123
19/03/2022;0.999086753
20/03/2022;0.999082383
21/03/2022;0.999078013
22/03/2022;0.999073643
23/03/2022;0.999069273
24/03/2022;0.999064903
25/03/2022;0.999060533
26/03/2022;0.999056163
27/03/2022;0.999051793
28/03/2022;0.999047423
29/03/2022;0.999043053
30/03/2022;0.999038683
31/03/2022;0.999034313
01/04/2022;0.999029943
02/04/2022;0.999025573
03/04/2022;0.999021203
04/04/2022;0.999016833
05/04/2022;0.999012464
06/04/2022;0.999008094
07/04/2022;0.999003724
08/04/2022;0.998999354
09/04/2022;0.998994985
10/04/2022;0.998990615
11/04/2022;0.998986245
12/04/2022;0.998981875
13/04/2022;0.998977506
14/04/2022;0.998973136
15/04/2022;0.998968767
16/04/2022;0.998964397
17/04/2022;0.998960027
18/04/2022;0.998955658
19/04/2022;0.998951288
20/04/2022;0.998946919
21/04/2022;0.998942549
22/04/2022;0.99893818
23/04/2022;0.99893381
24/04/2022;0.998929441
25/04/2022;0.998925071
26/04/2022;0.998920702
27/04/2022;0.998916333
28/04/2022;0.998911963
29/04/2022;0.998907594
30/04/2022;0.998903225
01/05/2022;0.998898855
02/05/2022;0.998894486
03/05/2022;0.998890117
04/05/2022;0.998885747
05/05/2022;0.998881378
06/05/2022;0.998877009
07/05/2022;0.99887264
08/05/2022;0.998868271
09/05/2022;0.998863901
10/05/2022;0.998859532
11/05/2022;0.998855163
12/05/2022;0.998850794
13/05/2022;0.998846425
14/05/2022;0.998842056
15/05/2022;0.998837687
16/05/2022;0.998833318
17/05/2022;0.998828949
18/05/2022;0.99882458
19/05/2022;0.998820211
20/05/2022;0.998815842
21/05/2022;0.998811473
22/05/2022;0.998807104
23/05/2022;0.998802735
24/05/2022;0.998798366
25/05/2022;0.998793998
26/05/2022;0.998789629
27/05/2022;0.99878526
28/05/2022;0.998780891
29/05/2022;0.998776522
30/05/2022;0.998772154
31/05/2022;0.998767785
01/06/2022;0.998763416
02/06/2022;0.998759047
03/06/2022;0.998754679
04/06/2022;0.99875031
05/06/2022;0.998745941
06/06/2022;0.998741573
07/06/2022;0.998737204
08/06/2022;0.998732836
09/06/2022;0.998728467
10/06/2022;0.998724098
11/06/2022;0.99871973
12/06/2022;0.998715361
13/06/2022;0.998710993
14/06/2022;0.998706624
15/06/2022;0.998702256
16/06/2022;0.998697888
17/06/2022;0.998692258
18/06/2022;0.998686628
19/06/2022;0.998680998
20/06/2022;0.998675368
21/06/2022;0.998669738
22/06/2022;0.998664109
23/06/2022;0.998658479
24/06/2022;0.998652849
25/06/2022;0.998647219
26/06/2022;0.99864159
27/06/2022;0.99863596
28/06/2022;0.998630331
29/06/2022;0.998624701
30/06/2022;0.998619072
01/07/2022;0.998613442
02/07/2022;0.998607813
03/07/2022;0.998602183
04/07/2022;0.998596554
05/07/2022;0.998590925
06/07/2022;0.998585295
07/07/2022;0.998579666
08/07/2022;0.998574037
09/07/2022;0.998568407
10/07/2022;0.998562778
11/07/2022;0.998557149
12/07/2022;0.99855152
13/07/2022;0.998545891
14/07/2022;0.998540262
15/07/2022;0.998534633
16/07/2022;0.998529004
17/07/2022;0.998523375
18/07/2022;0.998517746
19/07/2022;0.998512117
20/07/2022;0.998506488
21/07/2022;0.998500859
22/07/2022;0.99849523
23/07/2022;0.998489602
24/07/2022;0.998483973
25/07/2022;0.998478344
26/07/2022;0.998472716
27/07/2022;0.998467087
28/07/2022;0.998461458
29/07/2022;0.99845583
30/07/2022;0.998450201
31/07/2022;0.998444573
01/08/2022;0.998438944
02/08/2022;0.998433316
03/08/2022;0.998427687
04/08/2022;0.998422059
05/08/2022;0.99841643
06/08/2022;0.998410802
07/08/2022;0.998405174
08/08/2022;0.998399546
09/08/2022;0.998393917
10/08/2022;0.998388289
11/08/2022;0.998382661
12/08/2022;0.998377033
13/08/2022;0.998371405
14/08/2022;0.998365777
15/08/2022;0.998360149
16/08/2022;0.998354521
17/08/2022;0.998348893
18/08/2022;0.998343265
19/08/2022;0.998337637
20/08/2022;0.998332009
21/08/2022;0.998326381
22/08/2022;0.998320753
23/08/2022;0.998315125
24/08/2022;0.998309498
25/08/2022;0.99830387
26/08/2022;0.998298242
27/08/2022;0.998292615
28/08/2022;0.998286987
29/08/2022;0.998281359
30/08/2022;0.998275732
31/08/2022;0.998270104
01/09/2022;0.998264477
02/09/2022;0.998258849
03/09/2022;0.998253222
04/09/2022;0.998247594
05/09/2022;0.998241967
06/09/2022;0.99823634
07/09/2022;0.998230712
08/09/2022;0.998225085
09/09/2022;0.998219458
10/09/2022;0.998213831
11/09/2022;0.998208203
12/09/2022;0.998202576
13/09/2022;0.998196949
14/09/2022;0.998191322
15/09/2022;0.998185695
16/09/2022;0.998177865
17/09/2022;0.998170035
18/09/2022;0.998162205
19/09/2022;0.998154375
20/09/2022;0.998146545
21/09/2022;0.998138715
22/09/2022;0.998130885
23/09/2022;0.998123055
24/09/2022;0.998115226
25/09/2022;0.998107396
26/09/2022;0.998099567
27/09/2022;0.998091737
28/09/2022;0.998083908
29/09/2022;0.998076078
30/09/2022;0.998068249
01/10/2022;0.99806042
02/10/2022;0.998052591
03/10/2022;0.998044761
04/10/2022;0.998036932
05/10/2022;0.998029103
06/10/2022;0.998021274
07/10/2022;0.998013446
08/10/2022;0.998005617
09/10/2022;0.997997788
10/10/2022;0.997989959
11/10/2022;0.997982131
12/10/2022;0.997974302
13/10/2022;0.997966474
14/10/2022;0.997958645
15/10/2022;0.997950817
16/10/2022;0.997942989
17/10/2022;0.99793516
18/10/2022;0.997927332
19/10/2022;0.997919504
20/10/2022;0.997911676
21/10/2022;0.997903848
22/10/2022;0.99789602
23/10/2022;0.997888192
24/10/2022;0.997880364
25/10/2022;0.997872536
26/10/2022;0.997864709
27/10/2022;0.997856881
28/10/2022;0.997849054
29/10/2022;0.997841226
30/10/2022;0.997833399
31/10/2022;0.997825571
01/11/2022;0.997817744
02/11/2022;0.997809917
03/11/2022;0.997802089
04/11/2022;0.997794262
05/11/2022;0.997786435
06/11/2022;0.997778608
07/11/2022;0.997770781
08/11/2022;0.997762954
09/11/2022;0.997755127
10/11/2022;0.997747301
11/11/2022;0.997739474
12/11/2022;0.997731647
13/11/2022;0.997723821
14/11/2022;0.997715994
15/11/2022;0.997708168
16/11/2022;0.997700341
17/11/2022;0.997692515
18/11/2022;0.997684689
19/11/2022;0.997676862
20/11/2022;0.997669036
21/11/2022;0.99766121
22/11/2022;0.997653384
23/11/2022;0.997645558
24/11/2022;0.997637732
25/11/2022;0.997629906
26/11/2022;0.99762208
27/11/2022;0.997614255
28/11/2022;0.997606429
29/11/2022;0.997598603
30/11/2022;0.997590778
01/12/2022;0.997582952
02/12/2022;0.997575127
03/12/2022;0.997567302
04/12/2022;0.997559476
05/12/2022;0.997551651
06/12/2022;0.997543826
07/12/2022;0.997536001
08/12/2022;0.997528176
09/12/2022;0.997520351
10/12/2022;0.997512526
11/12/2022;0.997504701
12/12/2022;0.997496876
13/12/2022;0.997489051
14/12/2022;0.997481227
15/12/2022;0.997473402
16/12/2022;0.997465577
17/12/2022;0.997457753
18/12/2022;0.997449928
19/12/2022;0.997442104
20/12/2022;0.99743428
21/12/2022;0.997426455
22/12/2022;0.997414479
23/12/2022;0.997402503
24/12/2022;0.997390527
25/12/2022;0.997378551
26/12/2022;0.997366575
27/12/2022;0.997354599
28/12/2022;0.997342623
29/12/2022;0.997330648
30/12/2022;0.997318673
31/12/2022;0.997306698
01/01/2023;0.997294723
02/01/2023;0.997282748
03/01/2023;0.997270773
04/01/2023;0.997258799
05/01/2023;0.997246824
06/01/2023;0.99723485
07/01/2023;0.997222876
08/01/2023;0.997210902
09/01/2023;0.997198928
10/01/2023;0.997186954
11/01/2023;0.997174981
12/01/2023;0.997163007
13/01/2023;0.997151034
14/01/2023;0.997139061
15/01/2023;0.997127088
16/01/2023;0.997115115
17/01/2023;0.997103142
18/01/2023;0.99709117
19/01/2023;0.997079197
20/01/2023;0.997067225
21/01/2023;0.997055253
22/01/2023;0.997043281
23/01/2023;0.997031309
24/01/2023;0.997019338
25/01/2023;0.997007366
26/01/2023;0.996995395
27/01/2023;0.996983423
28/01/2023;0.996971452
29/01/2023;0.996959481
30/01/2023;0.996947511
31/01/2023;0.99693554
01/02/2023;0.996923569
02/02/2023;0.996911599
03/02/2023;0.996899629
04/02/2023;0.996887659
05/02/2023;0.996875689
06/02/2023;0.996863719
07/02/2023;0.996851749
08/02/2023;0.99683978
09/02/2023;0.99682781
10/02/2023;0.996815841
11/02/2023;0.996803872
12/02/2023;0.996791903
13/02/2023;0.996779934
14/02/2023;0.996767966
15/02/2023;0.996755997
16/02/2023;0.996744029
17/02/2023;0.99673206
18/02/2023;0.996720092
19/02/2023;0.996708124
20/02/2023;0.996696157
21/02/2023;0.996684189
22/02/2023;0.996672221
23/02/2023;0.996660254
24/02/2023;0.996648287
25/02/2023;0.99663632
26/02/2023;0.996624353
27/02/2023;0.996612386
28/02/2023;0.996600419
01/03/2023;0.996588453
02/03/2023;0.996576486
03/03/2023;0.99656452
04/03/2023;0.996552554
05/03/2023;0.996540588
06/03/2023;0.996528622
07/03/2023;0.996516657
08/03/2023;0.996504691
09/03/2023;0.996492726
10/03/2023;0.996480761
11/03/2023;0.996468796
12/03/2023;0.996456831
13/03/2023;0.996444866
14/03/2023;0.996432901
15/03/2023;0.996420937
16/03/2023;0.996408972
17/03/2023;0.996397008
18/03/2023;0.996385044
19/03/2023;0.99637308
20/03/2023;0.996361117
21/03/2023;0.996349153
22/03/2023;0.996334519
23/03/2023;0.996319885
24/03/2023;0.996305252
25/03/2023;0.996290619
26/03/2023;0.996275985
27/03/2023;0.996261353
28/03/2023;0.99624672
29/03/2023;0.996232088
30/03/2023;0.996217455
31/03/2023;0.996202823
01/04/2023;0.996188192
02/04/2023;0.99617356
03/04/2023;0.996158929
04/04/2023;0.996144298
05/04/2023;0.996129667
06/04/2023;0.996115036
07/04/2023;0.996100406
08/04/2023;0.996085775
09/04/2023;0.996071145
10/04/2023;0.996056516
11/04/2023;0.996041886
12/04/2023;0.996027257
13/04/2023;0.996012627
14/04/2023;0.995997998
15/04/2023;0.99598337
16/04/2023;0.995968741
17/04/2023;0.995954113
18/04/2023;0.995939485
19/04/2023;0.995924857
20/04/2023;0.995910229
21/04/2023;0.995895602
22/04/2023;0.995880974
23/04/2023;0.995866347
24/04/2023;0.995851721
25/04/2023;0.995837094
26/04/2023;0.995822468
27/04/2023;0.995807841
28/04/2023;0.995793216
29/04/2023;0.99577859
30/04/2023;0.995763964
01/05/2023;0.995749339
02/05/2023;0.995734714
03/05/2023;0.995720089
04/05/2023;0.995705464
05/05/2023;0.99569084
06/05/2023;0.995676216
07/05/2023;0.995661592
08/05/2023;0.995646968
09/05/2023;0.995632344
10/05/2023;0.995617721
11/05/2023;0.995603098
12/05/2023;0.995588475
13/05/2023;0.995573852
14/05/2023;0.995559229
15/05/2023;0.995544607
16/05/2023;0.995529985
17/05/2023;0.995515363
18/05/2023;0.995500741
19/05/2023;0.99548612
20/05/2023;0.995471499
21/05/2023;0.995456878
22/05/2023;0.995442257
23/05/2023;0.995427636
24/05/2023;0.995413016
25/05/2023;0.995398396
26/05/2023;0.995383776
27/05/2023;0.995369156
28/05/2023;0.995354537
29/05/2023;0.995339917
30/05/2023;0.995325298
31/05/2023;0.995310679
01/06/2023;0.995296061
02/06/2023;0.995281442
03/06/2023;0.995266824
04/06/2023;0.995252206
05/06/2023;0.995237588
06/06/2023;0.995222971
07/06/2023;0.995208353
08/06/2023;0.995193736
09/06/2023;0.995179119
10/06/2023;0.995164503
11/06/2023;0.995149886
12/06/2023;0.99513527
13/06/2023;0.995120654
14/06/2023;0.995106038
15/06/2023;0.995091422
16/06/2023;0.995076807
17/06/2023;0.995062192
18/06/2023;0.995047577
19/06/2023;0.995032962
20/06/2023;0.995018347
21/06/2023;0.995003733
22/06/2023;0.994989119
23/06/2023;0.994974505
24/06/2023;0.994959891
25/06/2023;0.994945278
26/06/2023;0.994930664
27/06/2023;0.994916051
28/06/2023;0.994901438
29/06/2023;0.994886826
30/06/2023;0.994872213
01/07/2023;0.994857601
02/07/2023;0.994842989
03/07/2023;0.994828377
04/07/2023;0.994813766
05/07/2023;0.994799154
06/07/2023;0.994784543
07/07/2023;0.994769932
08/07/2023;0.994755322
09/07/2023;0.994740711
10/07/2023;0.994726101
11/07/2023;0.994711491
12/07/2023;0.994696881
13/07/2023;0.994682271
14/07/2023;0.994667662
15/07/2023;0.994653053
16/07/2023;0.994638444
17/07/2023;0.994623835
18/07/2023;0.994609226
19/07/2023;0.994594618
20/07/2023;0.99458001
21/07/2023;0.994565402
22/07/2023;0.994550794
23/07/2023;0.994536187
24/07/2023;0.994521579
25/07/2023;0.994506972
26/07/2023;0.994492365
27/07/2023;0.994477759
28/07/2023;0.994463152
29/07/2023;0.994448546
30/07/2023;0.99443394
31/07/2023;0.994419334
01/08/2023;0.994404729
02/08/2023;0.994390123
03/08/2023;0.994375518
04/08/2023;0.994360913
05/08/2023;0.994346309
06/08/2023;0.994331704
07/08/2023;0.9943171
08/08/2023;0.994302496
09/08/2023;0.994287892
10/08/2023;0.994262818
11/08/2023;0.994237744
12/08/2023;0.994212671
13/08/2023;0.994187599
14/08/2023;0.994162527
15/08/2023;0.994137456
16/08/2023;0.994112385
17/08/2023;0.994087315
18/08/2023;0.994062246
19/08/2023;0.994037178
20/08/2023;0.99401211
21/08/2023;0.993987042
22/08/2023;0.993961976
23/08/2023;0.99393691
24/08/2023;0.993911844
25/08/2023;0.993886779
26/08/2023;0.993861715
27/08/2023;0.993836652
28/08/2023;0.993811589
29/08/2023;0.993786526
30/08/2023;0.993761465
31/08/2023;0.993736404
01/09/2023;0.993711343
02/09/2023;0.993686284
03/09/2023;0.993661225
04/09/2023;0.993636166
05/09/2023;0.993611108
06/09/2023;0.993586051
07/09/2023;0.993560994
08/09/2023;0.993535938
09/09/2023;0.993510883
10/09/2023;0.993485828
11/09/2023;0.993460774
12/09/2023;0.993435721
13/09/2023;0.993410668
14/09/2023;0.993385616
15/09/2023;0.993360564
16/09/2023;0.993335514
17/09/2023;0.993310463
18/09/2023;0.993285414
19/09/2023;0.993260365
20/09/2023;0.993235316
21/09/2023;0.993210269
22/09/2023;0.993185221
23/09/2023;0.993160175
24/09/2023;0.993135129
25/09/2023;0.993110084
26/09/2023;0.993085039
27/09/2023;0.993059995
28/09/2023;0.993034952
29/09/2023;0.993009909
30/09/2023;0.992984867
01/10/2023;0.992959826
02/10/2023;0.992934785
03/10/2023;0.992909745
04/10/2023;0.992884705
05/10/2023;0.992859667
06/10/2023;0.992834628
07/10/2023;0.992809591
08/10/2023;0.992784554
09/10/2023;0.992759517
10/10/2023;0.992734481
11/10/2023;0.992709446
12/10/2023;0.992684412
13/10/2023;0.992659378
14/10/2023;0.992634345
15/10/2023;0.992609312
16/10/2023;0.99258428
17/10/2023;0.992559249
18/10/2023;0.992534218
19/10/2023;0.992509188
20/10/2023;0.992484159
21/10/2023;0.99245913
22/10/2023;0.992434102
23/10/2023;0.992409074
24/10/2023;0.992384047
25/10/2023;0.992359021
26/10/2023;0.992333995
27/10/2023;0.99230897
28/10/2023;0.992283946
29/10/2023;0.992258922
30/10/2023;0.992233899
31/10/2023;0.992208877
01/11/2023;0.992183855
02/11/2023;0.992158834
03/11/2023;0.992133813
04/11/2023;0.992108793
05/11/2023;0.992083774
06/11/2023;0.992058755
07/11/2023;0.992033737
08/11/2023;0.99200872
09/11/2023;0.991983703
10/11/2023;0.991958687
11/11/2023;0.991933671
12/11/2023;0.991908656
13/11/2023;0.991883642
14/11/2023;0.991858628
15/11/2023;0.991833615
16/11/2023;0.991808603
17/11/2023;0.991783591
18/11/2023;0.99175858
19/11/2023;0.991733569
20/11/2023;0.991708559
21/11/2023;0.99168355
22/11/2023;0.991658542
23/11/2023;0.991633534
24/11/2023;0.991608526
25/11/2023;0.99158352
26/11/2023;0.991558514
27/11/2023;0.991533508
28/11/2023;0.991508503
29/11/2023;0.991483499
30/11/2023;0.991458495
01/12/2023;0.991433493
02/12/2023;0.99140849
03/12/2023;0.991383489
04/12/2023;0.991358488
05/12/2023;0.991333487
06/12/2023;0.991308487
07/12/2023;0.991283488
08/12/2023;0.99125849
09/12/2023;0.991233492
10/12/2023;0.991208495
11/12/2023;0.991183498
12/12/2023;0.991158502
13/12/2023;0.991133507
14/12/2023;0.991108512
15/12/2023;0.991083518
16/12/2023;0.991058524
17/12/2023;0.991033531
18/12/2023;0.991008539
19/12/2023;0.990983548
20/12/2023;0.990958557
21/12/2023;0.990933566
22/12/2023;0.990908577
23/12/2023;0.990883588
24/12/2023;0.990858599
25/12/2023;0.990833611
26/12/2023;0.990808624
27/12/2023;0.990783638
28/12/2023;0.990758652
29/12/2023;0.990733666
30/12/2023;0.990708682
31/12/2023;0.990683698
01/01/2024;0.990658714
02/01/2024;0.990633732
03/01/2024;0.990608749
04/01/2024;0.990583768
05/01/2024;0.990558787
06/01/2024;0.990533807
07/01/2024;0.990508827
08/01/2024;0.990483848
09/01/2024;0.99045887
10/01/2024;0.990433892
11/01/2024;0.990408915
12/01/2024;0.990383939
13/01/2024;0.990358963
14/01/2024;0.990333988
15/01/2024;0.990309013
16/01/2024;0.990284039
17/01/2024;0.990259066
18/01/2024;0.990234093
19/01/2024;0.990209121
20/01/2024;0.99018415
21/01/2024;0.990159179
22/01/2024;0.990134209
23/01/2024;0.990109239
24/01/2024;0.99008427
25/01/2024;0.990059302
26/01/2024;0.990034334
27/01/2024;0.990009367
28/01/2024;0.989984401
29/01/2024;0.989959435
30/01/2024;0.98993447
31/01/2024;0.989909505
01/02/2024;0.989884542
02/02/2024;0.989859578
03/02/2024;0.989834616
04/02/2024;0.989809654
05/02/2024;0.989784692
06/02/2024;0.989759732
07/02/2024;0.989734772
08/02/2024;0.989709812
09/02/2024;0.989684853
10/02/2024;0.989659895
11/02/2024;0.989634937
12/02/2024;0.98960998
13/02/2024;0.989585024
14/02/2024;0.989560068
15/02/2024;0.989535113
16/02/2024;0.989510159
17/02/2024;0.989485205
18/02/2024;0.989460252
19/02/2024;0.989435299
20/02/2024;0.989410348
21/02/2024;0.989385396
22/02/2024;0.989360446
23/02/2024;0.989335496
24/02/2024;0.989310546
25/02/2024;0.989285597
26/02/2024;0.989260649
27/02/2024;0.989235702
28/02/2024;0.989210755
29/02/2024;0.989185809
01/03/2024;0.989160863
02/03/2024;0.989135918
03/03/2024;0.989110974
04/03/2024;0.98908603
05/03/2024;0.989061087
06/03/2024;0.989036144
07/03/2024;0.989011203
08/03/2024;0.988986261
09/03/2024;0.988961321
10/03/2024;0.988936381
11/03/2024;0.988911441
12/03/2024;0.988886503
13/03/2024;0.988861565
14/03/2024;0.988836627
15/03/2024;0.98881169
16/03/2024;0.988786754
17/03/2024;0.988761819
18/03/2024;0.988736884
19/03/2024;0.988711949
20/03/2024;0.988687016
21/03/2024;0.988662083
22/03/2024;0.98863715
23/03/2024;0.988612219
24/03/2024;0.988587287
25/03/2024;0.988562357
26/03/2024;0.988537427
27/03/2024;0.988512498
28/03/2024;0.988487569
29/03/2024;0.988462641
30/03/2024;0.988437714
31/03/2024;0.988412787
01/04/2024;0.988387861
02/04/2024;0.988362935
03/04/2024;0.98833801
04/04/2024;0.988313086
05/04/2024;0.988288163
06/04/2024;0.98826324
07/04/2024;0.988238317
08/04/2024;0.988213396
09/04/2024;0.988188474
10/04/2024;0.988163554
11/04/2024;0.988138634
12/04/2024;0.988113715
13/04/2024;0.988088796
14/04/2024;0.988063878
15/04/2024;0.988038961
16/04/2024;0.988014044
17/04/2024;0.987989128
18/04/2024;0.987964213
19/04/2024;0.987939298
20/04/2024;0.987914384
21/04/2024;0.98788947
22/04/2024;0.987864557
23/04/2024;0.987839645
24/04/2024;0.987814733
25/04/2024;0.987789822
26/04/2024;0.987764912
27/04/2024;0.987740002
28/04/2024;0.987715093
29/04/2024;0.987690184
30/04/2024;0.987665277
01/05/2024;0.987640369
02/05/2024;0.987615463
03/05/2024;0.987590557
04/05/2024;0.987565651
05/05/2024;0.987540746
06/05/2024;0.987515842
07/05/2024;0.987490939
08/05/2024;0.987466036
09/05/2024;0.987441134
10/05/2024;0.987416232
11/05/2024;0.987391331
12/05/2024;0.987366431
13/05/2024;0.987341531
14/05/2024;0.987316632
15/05/2024;0.987291733
16/05/2024;0.987266836
17/05/2024;0.987241938
18/05/2024;0.987217042
19/05/2024;0.987192146
20/05/2024;0.98716725
21/05/2024;0.987142356
22/05/2024;0.987117462
23/05/2024;0.987092568
24/05/2024;0.987067675
25/05/2024;0.987042783
26/05/2024;0.987017892
27/05/2024;0.986993001
28/05/2024;0.98696811
29/05/2024;0.986943221
30/05/2024;0.986918332
31/05/2024;0.986893443
01/06/2024;0.986868555
02/06/2024;0.986843668
03/06/2024;0.986818782
04/06/2024;0.986793896
05/06/2024;0.98676901
06/06/2024;0.986744126
07/06/2024;0.986719242
08/06/2024;0.986694358
09/06/2024;0.986669475
10/06/2024;0.986644593
11/06/2024;0.986619712
12/06/2024;0.986594831
13/06/2024;0.986569951
14/06/2024;0.986545071
15/06/2024;0.986520192
16/06/2024;0.986495313
17/06/2024;0.986470436
18/06/2024;0.986445559
19/06/2024;0.986420682
20/06/2024;0.986395806
21/06/2024;0.986370931
22/06/2024;0.986346056
23/06/2024;0.986321182
24/06/2024;0.986296309
25/06/2024;0.986271436
26/06/2024;0.986246564
27/06/2024;0.986221692
28/06/2024;0.986196822
29/06/2024;0.986171951
30/06/2024;0.986147082
01/07/2024;0.986122213
02/07/2024;0.986097344
03/07/2024;0.986072477
04/07/2024;0.98604761
05/07/2024;0.986022743
06/07/2024;0.985997877
07/07/2024;0.985973012
08/07/2024;0.985948147
09/07/2024;0.985923283
10/07/2024;0.98589842
11/07/2024;0.985873557
12/07/2024;0.985848695
13/07/2024;0.985823834
14/07/2024;0.985798973
15/07/2024;0.985774113
16/07/2024;0.985749253
17/07/2024;0.985724394
18/07/2024;0.985699536
19/07/2024;0.985674678
20/07/2024;0.985649821
21/07/2024;0.985624965
22/07/2024;0.985600109
23/07/2024;0.985575254
24/07/2024;0.985550399
25/07/2024;0.985525545
26/07/2024;0.985500692
27/07/2024;0.985475839
28/07/2024;0.985450987
29/07/2024;0.985426136
30/07/2024;0.985401285
31/07/2024;0.985376435
01/08/2024;0.985351585
02/08/2024;0.985326736
03/08/2024;0.985301888
04/08/2024;0.98527704
05/08/2024;0.985252193
06/08/2024;0.985227347
07/08/2024;0.985202501
08/08/2024;0.985177656
09/08/2024;0.985152811
10/08/2024;0.985120349
11/08/2024;0.985087887
12/08/2024;0.985055427
13/08/2024;0.985022968
14/08/2024;0.98499051
15/08/2024;0.984958052
16/08/2024;0.984925596
17/08/2024;0.984893141
18/08/2024;0.984860687
19/08/2024;0.984828234
20/08/2024;0.984795783
21/08/2024;0.984763332
22/08/2024;0.984730882
23/08/2024;0.984698434
24/08/2024;0.984665986
25/08/2024;0.98463354
26/08/2024;0.984601094
27/08/2024;0.98456865
28/08/2024;0.984536207
29/08/2024;0.984503765
30/08/2024;0.984471323
31/08/2024;0.984438883
01/09/2024;0.984406444
02/09/2024;0.984374007
03/09/2024;0.98434157
04/09/2024;0.984309134
05/09/2024;0.984276699
06/09/2024;0.984244266
07/09/2024;0.984211833
08/09/2024;0.984179402
09/09/2024;0.984146971
10/09/2024;0.984114542
11/09/2024;0.984082114
12/09/2024;0.984049686
13/09/2024;0.98401726
14/09/2024;0.983984835
15/09/2024;0.983952411
16/09/2024;0.983919988
17/09/2024;0.983887566
18/09/2024;0.983855145
19/09/2024;0.983822726
20/09/2024;0.983790307
21/09/2024;0.983757889
22/09/2024;0.983725473
23/09/2024;0.983693057
24/09/2024;0.983660643
25/09/2024;0.98362823
26/09/2024;0.983595818
27/09/2024;0.983563406
28/09/2024;0.983530996
29/09/2024;0.983498587
30/09/2024;0.983466179
01/10/2024;0.983433772
02/10/2024;0.983401366
03/10/2024;0.983368962
04/10/2024;0.983336558
05/10/2024;0.983304155
06/10/2024;0.983271754
07/10/2024;0.983239353
08/10/2024;0.983206954
09/10/2024;0.983174555
10/10/2024;0.983142158
11/10/2024;0.983109762
12/10/2024;0.983077367
13/10/2024;0.983044972
14/10/2024;0.983012579
15/10/2024;0.982980187
16/10/2024;0.982947797
17/10/2024;0.982915407
18/10/2024;0.982883018
19/10/2024;0.98285063
20/10/2024;0.982818244
21/10/2024;0.982785858
22/10/2024;0.982753474
23/10/2024;0.98272109
24/10/2024;0.982688708
25/10/2024;0.982656326
26/10/2024;0.982623946
27/10/2024;0.982591567
28/10/2024;0.982559189
29/10/2024;0.982526812
30/10/2024;0.982494436
31/10/2024;0.982462061
01/11/2024;0.982429687
02/11/2024;0.982397314
03/11/2024;0.982364943
04/11/2024;0.982332572
05/11/2024;0.982300203
06/11/2024;0.982267834
07/11/2024;0.982235467
08/11/2024;0.9822031
09/11/2024;0.982170735
10/11/2024;0.982138371
11/11/2024;0.982106008
12/11/2024;0.982073646
13/11/2024;0.982041284
14/11/2024;0.982008925
15/11/2024;0.981976566
16/11/2024;0.981944208
17/11/2024;0.981911851
18/11/2024;0.981879495
19/11/2024;0.981847141
20/11/2024;0.981814787
21/11/2024;0.981782435
22/11/2024;0.981750083
23/11/2024;0.981717733
24/11/2024;0.981685384
25/11/2024;0.981653035
26/11/2024;0.981620688
27/11/2024;0.981588342
28/11/2024;0.981555997
29/11/2024;0.981523653
30/11/2024;0.98149131
01/12/2024;0.981458968
02/12/2024;0.981426627
03/12/2024;0.981394288
04/12/2024;0.981361949
05/12/2024;0.981329612
06/12/2024;0.981297275
07/12/2024;0.98126494
08/12/2024;0.981232605
09/12/2024;0.981200272
10/12/2024;0.98116794
11/12/2024;0.981135608
12/12/2024;0.981103278
13/12/2024;0.981070949
14/12/2024;0.981038621
15/12/2024;0.981006294
16/12/2024;0.980973968
17/12/2024;0.980941644
18/12/2024;0.98090932
19/12/2024;0.980876997
20/12/2024;0.980844676
21/12/2024;0.980812355
22/12/2024;0.980780036
23/12/2024;0.980747717
24/12/2024;0.9807154
25/12/2024;0.980683084
26/12/2024;0.980650768
27/12/2024;0.980618454
28/12/2024;0.980586141
29/12/2024;0.980553829
30/12/2024;0.980521518
31/12/2024;0.980489208
01/01/2025;0.9804569
02/01/2025;0.980424592
03/01/2025;0.980392285
04/01/2025;0.980359979
05/01/2025;0.980327675
06/01/2025;0.980295371
07/01/2025;0.980263069
08/01/2025;0.980230768
09/01/2025;0.980198467
10/01/2025;0.980166168
11/01/2025;0.98013387
12/01/2025;0.980101573
13/01/2025;0.980069277
14/01/2025;0.980036982
15/01/2025;0.980004688
16/01/2025;0.979972395
17/01/2025;0.979940103
18/01/2025;0.979907812
19/01/2025;0.979875523
20/01/2025;0.979843234
21/01/2025;0.979810947
22/01/2025;0.97977866
23/01/2025;0.979746375
24/01/2025;0.97971409
25/01/2025;0.979681807
26/01/2025;0.979649525
27/01/2025;0.979617244
28/01/2025;0.979584964
29/01/2025;0.979552685
30/01/2025;0.979520407
31/01/2025;0.97948813
01/02/2025;0.979455854
02/02/2025;0.979423579
03/02/2025;0.979391305
04/02/2025;0.979359033
05/02/2025;0.979326761
06/02/2025;0.979294491
07/02/2025;0.979262221
08/02/2025;0.979229953
09/02/2025;0.979197686
10/02/2025;0.979165419
11/02/2025;0.979133154
12/02/2025;0.97910089
13/02/2025;0.979068627
14/02/2025;0.979036365
15/02/2025;0.979004104
16/02/2025;0.978971844
17/02/2025;0.978939585
18/02/2025;0.978907327
19/02/2025;0.978875071
20/02/2025;0.978842815
21/02/2025;0.978810561
22/02/2025;0.978778307
23/02/2025;0.978746055
24/02/2025;0.978713803
25/02/2025;0.978681553
26/02/2025;0.978649304
27/02/2025;0.978617055
28/02/2025;0.978584808
01/03/2025;0.978552562
02/03/2025;0.978520317
03/03/2025;0.978488073
04/03/2025;0.97845583
05/03/2025;0.978423589
06/03/2025;0.978391348
07/03/2025;0.978359108
08/03/2025;0.97832687
09/03/2025;0.978294632
10/03/2025;0.978262395
11/03/2025;0.97823016
12/03/2025;0.978197926
13/03/2025;0.978165692
14/03/2025;0.97813346
15/03/2025;0.978101229
16/03/2025;0.978068999
17/03/2025;0.97803677
18/03/2025;0.978004542
19/03/2025;0.977972315
20/03/2025;0.977940089
21/03/2025;0.977907864
22/03/2025;0.97787564
23/03/2025;0.977843417
24/03/2025;0.977811196
25/03/2025;0.977778975
26/03/2025;0.977746756
27/03/2025;0.977714537
28/03/2025;0.97768232
29/03/2025;0.977650104
30/03/2025;0.977617888
31/03/2025;0.977585674
01/04/2025;0.977553461
02/04/2025;0.977521249
03/04/2025;0.977489038
04/04/2025;0.977456828
05/04/2025;0.977424619
06/04/2025;0.977392411
07/04/2025;0.977360204
08/04/2025;0.977327999
09/04/2025;0.977295794
10/04/2025;0.97726359
11/04/2025;0.977231388
12/04/2025;0.977199186
13/04/2025;0.977166986
14/04/2025;0.977134787
15/04/2025;0.977102588
16/04/2025;0.977070391
17/04/2025;0.977038195
18/04/2025;0.977006
19/04/2025;0.976973806
20/04/2025;0.976941613
21/04/2025;0.976909421
22/04/2025;0.97687723
23/04/2025;0.97684504
24/04/2025;0.976812852
25/04/2025;0.976780664
26/04/2025;0.976748477
27/04/2025;0.976716292
28/04/2025;0.976684107
29/04/2025;0.976651924
30/04/2025;0.976619741
01/05/2025;0.97658756
02/05/2025;0.97655538
03/05/2025;0.976523201
04/05/2025;0.976491022
05/05/2025;0.976458845
06/05/2025;0.976426669
07/05/2025;0.976394494
08/05/2025;0.976362321
09/05/2025;0.976330148
10/05/2025;0.976297976
11/05/2025;0.976265805
12/05/2025;0.976233636
13/05/2025;0.976201467
14/05/2025;0.976169299
15/05/2025;0.976137133
16/05/2025;0.976104968
17/05/2025;0.976072803
18/05/2025;0.97604064
19/05/2025;0.976008478
20/05/2025;0.975976316
21/05/2025;0.975944156
22/05/2025;0.975911997
23/05/2025;0.975879839
24/05/2025;0.975847682
25/05/2025;0.975815527
26/05/2025;0.975783372
27/05/2025;0.975751218
28/05/2025;0.975719065
29/05/2025;0.975686914
30/05/2025;0.975654763
31/05/2025;0.975622614
01/06/2025;0.975590465
02/06/2025;0.975558318
03/06/2025;0.975526171
04/06/2025;0.975494026
05/06/2025;0.975461882
06/06/2025;0.975429739
07/06/2025;0.975397597
08/06/2025;0.975365455
09/06/2025;0.975333316
10/06/2025;0.975301177
11/06/2025;0.975269039
12/06/2025;0.975236902
13/06/2025;0.975204766
14/06/2025;0.975172631
15/06/2025;0.975140498
16/06/2025;0.975108365
17/06/2025;0.975076234
18/06/2025;0.975044103
19/06/2025;0.975011974
20/06/2025;0.974979846
21/06/2025;0.974947718
22/06/2025;0.974915592
23/06/2025;0.974883467
24/06/2025;0.974851343
25/06/2025;0.97481922
26/06/2025;0.974787098
27/06/2025;0.974754977
28/06/2025;0.974722857
29/06/2025;0.974690738
30/06/2025;0.97465862
01/07/2025;0.974626504
02/07/2025;0.974594388
03/07/2025;0.974562274
04/07/2025;0.97453016
05/07/2025;0.974498048
06/07/2025;0.974465936
07/07/2025;0.974433826
08/07/2025;0.974401716
09/07/2025;0.974369608
10/07/2025;0.974337501
11/07/2025;0.974305395
12/07/2025;0.97427329
13/07/2025;0.974241186
14/07/2025;0.974209083
15/07/2025;0.974176981
16/07/2025;0.97414488
17/07/2025;0.974112781
18/07/2025;0.974080682
19/07/2025;0.974048584
20/07/2025;0.974016488
21/07/2025;0.973984392
22/07/2025;0.973952298
23/07/2025;0.973920204
24/07/2025;0.973888112
25/07/2025;0.97385602
26/07/2025;0.97382393
27/07/2025;0.973791841
28/07/2025;0.973759753
29/07/2025;0.973727666
30/07/2025;0.97369558
31/07/2025;0.973663495
01/08/2025;0.973631411
02/08/2025;0.973599328
03/08/2025;0.973567246
04/08/2025;0.973535166
05/08/2025;0.973503086
06/08/2025;0.973471007
07/08/2025;0.97343893
08/08/2025;0.973406853
09/08/2025;0.973374778
10/08/2025;0.973342703
11/08/2025;0.97331063
12/08/2025;0.973273943
13/08/2025;0.973237258
14/08/2025;0.973200574
15/08/2025;0.973163891
16/08/2025;0.97312721
17/08/2025;0.97309053
18/08/2025;0.973053852
19/08/2025;0.973017175
20/08/2025;0.972980499
21/08/2025;0.972943825
22/08/2025;0.972907152
23/08/2025;0.97287048
24/08/2025;0.97283381
25/08/2025;0.972797141
26/08/2025;0.972760474
27/08/2025;0.972723808
28/08/2025;0.972687143
29/08/2025;0.97265048
30/08/2025;0.972613818
31/08/2025;0.972577157
01/09/2025;0.972540498
02/09/2025;0.97250384
03/09/2025;0.972467184
04/09/2025;0.972430529
05/09/2025;0.972393875
06/09/2025;0.972357223
07/09/2025;0.972320572
08/09/2025;0.972283923
09/09/2025;0.972247275
10/09/2025;0.972210628
11/09/2025;0.972173983
12/09/2025;0.972137339
13/09/2025;0.972100696
14/09/2025;0.972064055
15/09/2025;0.972027415
16/09/2025;0.971990777
17/09/2025;0.97195414
18/09/2025;0.971917504
19/09/2025;0.97188087
20/09/2025;0.971844237
21/09/2025;0.971807606
22/09/2025;0.971770976
23/09/2025;0.971734347
24/09/2025;0.971697719
25/09/2025;0.971661093
26/09/2025;0.971624469
27/09/2025;0.971587846
28/09/2025;0.971551224
29/09/2025;0.971514603
30/09/2025;0.971477984
01/10/2025;0.971441367
02/10/2025;0.97140475
03/10/2025;0.971368135
04/10/2025;0.971331522
05/10/2025;0.97129491
06/10/2025;0.971258299
07/10/2025;0.971221689
08/10/2025;0.971185081
09/10/2025;0.971148475
10/10/2025;0.971111869
11/10/2025;0.971075265
12/10/2025;0.971038663
13/10/2025;0.971002062
14/10/2025;0.970965462
15/10/2025;0.970928864
16/10/2025;0.970892267
17/10/2025;0.970855671
18/10/2025;0.970819077
19/10/2025;0.970782484
20/10/2025;0.970745892
21/10/2025;0.970709302
22/10/2025;0.970672714
23/10/2025;0.970636126
24/10/2025;0.97059954
25/10/2025;0.970562956
26/10/2025;0.970526373
27/10/2025;0.970489791
28/10/2025;0.97045321
29/10/2025;0.970416631
30/10/2025;0.970380053
31/10/2025;0.970343477
01/11/2025;0.970306902
02/11/2025;0.970270329
03/11/2025;0.970233757
04/11/2025;0.970197186
05/11/2025;0.970160616
06/11/2025;0.970124048
07/11/2025;0.970087482
08/11/2025;0.970050916
09/11/2025;0.970014352
10/11/2025;0.96997779
11/11/2025;0.969941229
12/11/2025;0.969904669
13/11/2025;0.969868111
14/11/2025;0.969831554
15/11/2025;0.969794998
16/11/2025;0.969758444
17/11/2025;0.969721891
18/11/2025;0.969685339
19/11/2025;0.969648789
20/11/2025;0.96961224
21/11/2025;0.969575693
22/11/2025;0.969539147
23/11/2025;0.969502602
24/11/2025;0.969466059
25/11/2025;0.969429517
26/11/2025;0.969392977
27/11/2025;0.969356438
28/11/2025;0.9693199
29/11/2025;0.969283364
30/11/2025;0.969246829
01/12/2025;0.969210295
02/12/2025;0.969173763
03/12/2025;0.969137232
04/12/2025;0.969100702
05/12/2025;0.969064174
06/12/2025;0.969027648
07/12/2025;0.968991122
08/12/2025;0.968954598
09/12/2025;0.968918076
10/12/2025;0.968881555
11/12/2025;0.968845035
12/12/2025;0.968808516
13/12/2025;0.968771999
14/12/2025;0.968735484
15/12/2025;0.968698969
16/12/2025;0.968662456
17/12/2025;0.968625945
18/12/2025;0.968589434
19/12/2025;0.968552926
20/12/2025;0.968516418
21/12/2025;0.968479912
22/12/2025;0.968443407
23/12/2025;0.968406904
24/12/2025;0.968370402
25/12/2025;0.968333902
26/12/2025;0.968297402
27/12/2025;0.968260905
28/12/2025;0.968224408
29/12/2025;0.968187913
30/12/2025;0.968151419
31/12/2025;0.968114927
01/01/2026;0.968078436
02/01/2026;0.968041947
03/01/2026;0.968005458
04/01/2026;0.967968972
05/01/2026;0.967932486
06/01/2026;0.967896002
07/01/2026;0.967859519
08/01/2026;0.967823038
09/01/2026;0.967786558
10/01/2026;0.96775008
11/01/2026;0.967713602
12/01/2026;0.967677127
13/01/2026;0.967640652
14/01/2026;0.967604179
15/01/2026;0.967567708
16/01/2026;0.967531237
17/01/2026;0.967494768
18/01/2026;0.967458301
19/01/2026;0.967421835
20/01/2026;0.96738537
21/01/2026;0.967348906
22/01/2026;0.967312444
23/01/2026;0.967275984
24/01/2026;0.967239524
25/01/2026;0.967203066
26/01/2026;0.96716661
27/01/2026;0.967130155
28/01/2026;0.967093701
29/01/2026;0.967057248
30/01/2026;0.967020797
31/01/2026;0.966984347
01/02/2026;0.966947899
02/02/2026;0.966911452
03/02/2026;0.966875007
04/02/2026;0.966838562
05/02/2026;0.96680212
06/02/2026;0.966765678
07/02/2026;0.966729238
08/02/2026;0.966692799
09/02/2026;0.966656362
10/02/2026;0.966619926
11/02/2026;0.966583492
12/02/2026;0.966547058
13/02/2026;0.966510626
14/02/2026;0.966474196
15/02/2026;0.966437767
16/02/2026;0.966401339
17/02/2026;0.966364913
18/02/2026;0.966328488
19/02/2026;0.966292064
20/02/2026;0.966255642
21/02/2026;0.966219221
22/02/2026;0.966182802
23/02/2026;0.966146384
24/02/2026;0.966109967
25/02/2026;0.966073552
26/02/2026;0.966037138
27/02/2026;0.966000725
28/02/2026;0.965964314
01/03/2026;0.965927904
02/03/2026;0.965891495
03/03/2026;0.965855088
04/03/2026;0.965818682
05/03/2026;0.965782278
06/03/2026;0.965745875
07/03/2026;0.965709473
08/03/2026;0.965673073
09/03/2026;0.965636674
10/03/2026;0.965600277
11/03/2026;0.965563881
12/03/2026;0.965527486
13/03/2026;0.965491092
14/03/2026;0.9654547
15/03/2026;0.96541831
16/03/2026;0.96538192
17/03/2026;0.965345532
18/03/2026;0.965309146
19/03/2026;0.965272761
20/03/2026;0.965236377
21/03/2026;0.965199994
22/03/2026;0.965163613
23/03/2026;0.965127234
24/03/2026;0.965090855
25/03/2026;0.965054478
26/03/2026;0.965018103
27/03/2026;0.964981729
28/03/2026;0.964945356
29/03/2026;0.964908984
30/03/2026;0.964872614
31/03/2026;0.964836246
01/04/2026;0.964799878
02/04/2026;0.964763512
03/04/2026;0.964727148
04/04/2026;0.964690784
05/04/2026;0.964654423
06/04/2026;0.964618062
07/04/2026;0.964581703
08/04/2026;0.964545345
09/04/2026;0.964508989
10/04/2026;0.964472634
11/04/2026;0.96443628
12/04/2026;0.964399928
13/04/2026;0.964363577
14/04/2026;0.964327227
15/04/2026;0.964290879
16/04/2026;0.964254532
17/04/2026;0.964218187
18/04/2026;0.964181843
19/04/2026;0.9641455
20/04/2026;0.964109159
21/04/2026;0.964072819
22/04/2026;0.96403648
23/04/2026;0.964000143
24/04/2026;0.963963807
25/04/2026;0.963927473
26/04/2026;0.96389114
27/04/2026;0.963854808
28/04/2026;0.963818478
29/04/2026;0.963782149
30/04/2026;0.963745821
01/05/2026;0.963709495
02/05/2026;0.96367317
03/05/2026;0.963636846
04/05/2026;0.963600524
05/05/2026;0.963564204
06/05/2026;0.963527884
07/05/2026;0.963491566
08/05/2026;0.963455249
09/05/2026;0.963418934
10/05/2026;0.96338262
11/05/2026;0.963346308
12/05/2026;0.963309996
13/05/2026;0.963273687
14/05/2026;0.963237378
15/05/2026;0.963201071
16/05/2026;0.963164765
17/05/2026;0.963128461
18/05/2026;0.963092158
19/05/2026;0.963055856
20/05/2026;0.963019556
21/05/2026;0.962983257
22/05/2026;0.96294696
23/05/2026;0.962910664
24/05/2026;0.962874369
25/05/2026;0.962838075
26/05/2026;0.962801783
27/05/2026;0.962765493
28/05/2026;0.962729203
29/05/2026;0.962692916
30/05/2026;0.962656629
31/05/2026;0.962620344
01/06/2026;0.96258406
02/06/2026;0.962547777
03/06/2026;0.962511496
04/06/2026;0.962475217
05/06/2026;0.962438938
06/06/2026;0.962402661
07/06/2026;0.962366386
08/06/2026;0.962330111
09/06/2026;0.962293839
10/06/2026;0.962257567
11/06/2026;0.962221297
12/06/2026;0.962185028
13/06/2026;0.962148761
14/06/2026;0.962112495
15/06/2026;0.96207623
16/06/2026;0.962039967
17/06/2026;0.962003705
18/06/2026;0.961967444
19/06/2026;0.961931185
20/06/2026;0.961894927
21/06/2026;0.96185867
22/06/2026;0.961822415
23/06/2026;0.961786162
24/06/2026;0.961749909
25/06/2026;0.961713658
26/06/2026;0.961677409
27/06/2026;0.96164116
28/06/2026;0.961604913
29/06/2026;0.961568668
30/06/2026;0.961532424
01/07/2026;0.961496181
02/07/2026;0.961459939
03/07/2026;0.961423699
04/07/2026;0.961387461
05/07/2026;0.961351223
06/07/2026;0.961314987
07/07/2026;0.961278753
08/07/2026;0.961242519
09/07/2026;0.961206287
10/07/2026;0.961170057
11/07/2026;0.961133828
12/07/2026;0.9610976
13/07/2026;0.961061373
14/07/2026;0.961025148
15/07/2026;0.960988925
16/07/2026;0.960952702
17/07/2026;0.960916481
18/07/2026;0.960880262
19/07/2026;0.960844044
20/07/2026;0.960807827
21/07/2026;0.960771611
22/07/2026;0.960735397
23/07/2026;0.960699184
24/07/2026;0.960662973
25/07/2026;0.960626763
26/07/2026;0.960590554
27/07/2026;0.960554347
28/07/2026;0.960518141
29/07/2026;0.960481936
30/07/2026;0.960445733
31/07/2026;0.960409531
01/08/2026;0.960373331
02/08/2026;0.960337131
03/08/2026;0.960300934
04/08/2026;0.960264737
05/08/2026;0.960228542
06/08/2026;0.960192349
07/08/2026;0.960156156
08/08/2026;0.960119965
09/08/2026;0.960083776
10/08/2026;0.960047588
11/08/2026;0.960011401
12/08/2026;0.959971582
13/08/2026;0.959931765
14/08/2026;0.959891949
15/08/2026;0.959852135
16/08/2026;0.959812323
17/08/2026;0.959772512
18/08/2026;0.959732703
19/08/2026;0.959692896
20/08/2026;0.95965309
21/08/2026;0.959613286
22/08/2026;0.959573484
23/08/2026;0.959533683
24/08/2026;0.959493884
25/08/2026;0.959454086
26/08/2026;0.959414291
27/08/2026;0.959374497
28/08/2026;0.959334704
29/08/2026;0.959294913
30/08/2026;0.959255124
31/08/2026;0.959215337
01/09/2026;0.959175551
02/09/2026;0.959135766
03/09/2026;0.959095984
04/09/2026;0.959056203
05/09/2026;0.959016424
06/09/2026;0.958976646
07/09/2026;0.95893687
08/09/2026;0.958897096
09/09/2026;0.958857323
10/09/2026;0.958817552
11/09/2026;0.958777783
12/09/2026;0.958738015
13/09/2026;0.958698249
14/09/2026;0.958658484
15/09/2026;0.958618722
16/09/2026;0.958578961
17/09/2026;0.958539201
18/09/2026;0.958499443
19/09/2026;0.958459687
20/09/2026;0.958419933
21/09/2026;0.95838018
22/09/2026;0.958340428
23/09/2026;0.958300679
24/09/2026;0.958260931
25/09/2026;0.958221185
26/09/2026;0.95818144
27/09/2026;0.958141697
28/09/2026;0.958101956
29/09/2026;0.958062216
30/09/2026;0.958022478
01/10/2026;0.957982742
02/10/2026;0.957943007
03/10/2026;0.957903274
04/10/2026;0.957863542
05/10/2026;0.957823812
06/10/2026;0.957784084
07/10/2026;0.957744358
08/10/2026;0.957704633
09/10/2026;0.95766491
10/10/2026;0.957625188
11/10/2026;0.957585468
12/10/2026;0.95754575
13/10/2026;0.957506033
14/10/2026;0.957466318
15/10/2026;0.957426605
16/10/2026;0.957386893
17/10/2026;0.957347183
18/10/2026;0.957307475
19/10/2026;0.957267768
20/10/2026;0.957228063
21/10/2026;0.95718836
22/10/2026;0.957148658
23/10/2026;0.957108958
24/10/2026;0.957069259
25/10/2026;0.957029562
26/10/2026;0.956989867
27/10/2026;0.956950174
28/10/2026;0.956910482
29/10/2026;0.956870791
30/10/2026;0.956831103
31/10/2026;0.956791416
01/11/2026;0.95675173
02/11/2026;0.956712047
03/11/2026;0.956672365
04/11/2026;0.956632684
05/11/2026;0.956593005
06/11/2026;0.956553328
07/11/2026;0.956513653
08/11/2026;0.956473979
09/11/2026;0.956434307
10/11/2026;0.956394636
11/11/2026;0.956354968
12/11/2026;0.9563153
13/11/2026;0.956275635
14/11/2026;0.956235971
15/11/2026;0.956196308
16/11/2026;0.956156648
17/11/2026;0.956116989
18/11/2026;0.956077331
19/11/2026;0.956037676
20/11/2026;0.955998022
21/11/2026;0.955958369
22/11/2026;0.955918718
23/11/2026;0.955879069
24/11/2026;0.955839422
25/11/2026;0.955799776
26/11/2026;0.955760132
27/11/2026;0.955720489
28/11/2026;0.955680848
29/11/2026;0.955641209
30/11/2026;0.955601571
01/12/2026;0.955561935
02/12/2026;0.955522301
03/12/2026;0.955482668
04/12/2026;0.955443037
05/12/2026;0.955403408
06/12/2026;0.95536378
07/12/2026;0.955324154
08/12/2026;0.95528453
09/12/2026;0.955244907
10/12/2026;0.955205286
11/12/2026;0.955165666
12/12/2026;0.955126048
13/12/2026;0.955086432
14/12/2026;0.955046817
15/12/2026;0.955007204
16/12/2026;0.954967593
17/12/2026;0.954927983
18/12/2026;0.954888375
19/12/2026;0.954848769
20/12/2026;0.954809164
21/12/2026;0.954769561
22/12/2026;0.954729959
23/12/2026;0.95469036
24/12/2026;0.954650761
25/12/2026;0.954611165
26/12/2026;0.95457157
27/12/2026;0.954531977
28/12/2026;0.954492385
29/12/2026;0.954452795
30/12/2026;0.954413207
31/12/2026;0.95437362
01/01/2027;0.954334035
02/01/2027;0.954294452
03/01/2027;0.95425487
04/01/2027;0.95421529
05/01/2027;0.954175711
06/01/2027;0.954136134
07/01/2027;0.954096559
08/01/2027;0.954056986
09/01/2027;0.954017414
10/01/2027;0.953977843
11/01/2027;0.953938275
12/01/2027;0.953898708
13/01/2027;0.953859142
14/01/2027;0.953819579
15/01/2027;0.953780017
16/01/2027;0.953740456
17/01/2027;0.953700897
18/01/2027;0.95366134
19/01/2027;0.953621785
20/01/2027;0.953582231
21/01/2027;0.953542679
22/01/2027;0.953503128
23/01/2027;0.953463579
24/01/2027;0.953424032
25/01/2027;0.953384486
26/01/2027;0.953344942
27/01/2027;0.9533054
28/01/2027;0.953265859
29/01/2027;0.95322632
30/01/2027;0.953186782
31/01/2027;0.953147247
01/02/2027;0.953107712
02/02/2027;0.95306818
03/02/2027;0.953028649
04/02/2027;0.95298912
05/02/2027;0.952949592
06/02/2027;0.952910066
07/02/2027;0.952870542
08/02/2027;0.952831019
09/02/2027;0.952791498
10/02/2027;0.952751979
11/02/2027;0.952712461
12/02/2027;0.952672945
13/02/2027;0.95263343
14/02/2027;0.952593917
15/02/2027;0.952554406
16/02/2027;0.952514896
17/02/2027;0.952475388
18/02/2027;0.952435882
19/02/2027;0.952396377
20/02/2027;0.952356874
21/02/2027;0.952317373
22/02/2027;0.952277873
23/02/2027;0.952238375
24/02/2027;0.952198879
25/02/2027;0.952159384
26/02/2027;0.952119891
27/02/2027;0.952080399
28/02/2027;0.952040909
01/03/2027;0.952001421
02/03/2027;0.951961934
03/03/2027;0.951922449
04/03/2027;0.951882966
05/03/2027;0.951843484
06/03/2027;0.951804004
07/03/2027;0.951764525
08/03/2027;0.951725049
09/03/2027;0.951685573
10/03/2027;0.9516461
11/03/2027;0.951606628
12/03/2027;0.951567158
13/03/2027;0.951527689
14/03/2027;0.951488222
15/03/2027;0.951448757
16/03/2027;0.951409293
17/03/2027;0.951369831
18/03/2027;0.95133037
19/03/2027;0.951290911
20/03/2027;0.951251454
21/03/2027;0.951211999
22/03/2027;0.951172545
23/03/2027;0.951133093
24/03/2027;0.951093642
25/03/2027;0.951054193
26/03/2027;0.951014745
27/03/2027;0.9509753
28/03/2027;0.950935856
29/03/2027;0.950896413
30/03/2027;0.950856972
31/03/2027;0.950817533
01/04/2027;0.950778096
02/04/2027;0.95073866
03/04/2027;0.950699225
04/04/2027;0.950659793
05/04/2027;0.950620362
06/04/2027;0.950580932
07/04/2027;0.950541505
08/04/2027;0.950502079
09/04/2027;0.950462654
10/04/2027;0.950423231
11/04/2027;0.95038381
12/04/2027;0.95034439
13/04/2027;0.950304973
14/04/2027;0.950265556
15/04/2027;0.950226142
16/04/2027;0.950186729
17/04/2027;0.950147317
18/04/2027;0.950107907
19/04/2027;0.950068499
20/04/2027;0.950029093
21/04/2027;0.949989688
22/04/2027;0.949950285
23/04/2027;0.949910883
24/04/2027;0.949871483
25/04/2027;0.949832085
26/04/2027;0.949792688
27/04/2027;0.949753293
28/04/2027;0.9497139
29/04/2027;0.949674508
30/04/2027;0.949635118
01/05/2027;0.949595729
02/05/2027;0.949556342
03/05/2027;0.949516957
04/05/2027;0.949477574
05/05/2027;0.949438192
06/05/2027;0.949398811
07/05/2027;0.949359433
08/05/2027;0.949320056
09/05/2027;0.94928068
10/05/2027;0.949241306
11/05/2027;0.949201934
12/05/2027;0.949162564
13/05/2027;0.949123195
14/05/2027;0.949083827
15/05/2027;0.949044462
16/05/2027;0.949005098
17/05/2027;0.948965735
18/05/2027;0.948926375
19/05/2027;0.948887015
20/05/2027;0.948847658
21/05/2027;0.948808302
22/05/2027;0.948768948
23/05/2027;0.948729595
24/05/2027;0.948690244
25/05/2027;0.948650895
26/05/2027;0.948611547
27/05/2027;0.948572201
28/05/2027;0.948532857
29/05/2027;0.948493514
30/05/2027;0.948454173
31/05/2027;0.948414833
01/06/2027;0.948375496
02/06/2027;0.948336159
03/06/2027;0.948296825
04/06/2027;0.948257492
05/06/2027;0.94821816
06/06/2027;0.948178831
07/06/2027;0.948139502
08/06/2027;0.948100176
09/06/2027;0.948060851
10/06/2027;0.948021528
11/06/2027;0.947982206
12/06/2027;0.947942886
13/06/2027;0.947903568
14/06/2027;0.947864251
15/06/2027;0.947824936
16/06/2027;0.947785623
17/06/2027;0.947746311
18/06/2027;0.947707001
19/06/2027;0.947667692
20/06/2027;0.947628385
21/06/2027;0.94758908
22/06/2027;0.947549777
23/06/2027;0.947510474
24/06/2027;0.947471174
25/06/2027;0.947431875
26/06/2027;0.947392578
27/06/2027;0.947353283
28/06/2027;0.947313989
29/06/2027;0.947274697
30/06/2027;0.947235406
01/07/2027;0.947196117
02/07/2027;0.94715683
03/07/2027;0.947117544
04/07/2027;0.94707826
05/07/2027;0.947038977
06/07/2027;0.946999697
07/07/2027;0.946960417
08/07/2027;0.94692114
09/07/2027;0.946881864
10/07/2027;0.94684259
11/07/2027;0.946803317
12/07/2027;0.946764046
13/07/2027;0.946724776
14/07/2027;0.946685509
15/07/2027;0.946646242
16/07/2027;0.946606978
17/07/2027;0.946567715
18/07/2027;0.946528454
19/07/2027;0.946489194
20/07/2027;0.946449936
21/07/2027;0.94641068
22/07/2027;0.946371425
23/07/2027;0.946332172
24/07/2027;0.94629292
25/07/2027;0.94625367
26/07/2027;0.946214422
27/07/2027;0.946175175
28/07/2027;0.94613593
29/07/2027;0.946096687
30/07/2027;0.946057445
31/07/2027;0.946018205
01/08/2027;0.945978967
02/08/2027;0.94593973
03/08/2027;0.945900495
04/08/2027;0.945861261
05/08/2027;0.945822029
06/08/2027;0.945782799
07/08/2027;0.94574357
08/08/2027;0.945704343
09/08/2027;0.945665117
10/08/2027;0.945625894
11/08/2027;0.945583735
12/08/2027;0.945541578
13/08/2027;0.945499422
14/08/2027;0.945457269
15/08/2027;0.945415118
16/08/2027;0.945372968
17/08/2027;0.945330821
18/08/2027;0.945288675
19/08/2027;0.945246531
20/08/2027;0.945204389
21/08/2027;0.945162249
22/08/2027;0.945120111
23/08/2027;0.945077974
24/08/2027;0.94503584
25/08/2027;0.944993707
26/08/2027;0.944951576
27/08/2027;0.944909448
28/08/2027;0.944867321
29/08/2027;0.944825196
30/08/2027;0.944783072
31/08/2027;0.944740951
01/09/2027;0.944698832
02/09/2027;0.944656714
03/09/2027;0.944614598
04/09/2027;0.944572484
05/09/2027;0.944530373
06/09/2027;0.944488262
07/09/2027;0.944446154
08/09/2027;0.944404048
09/09/2027;0.944361944
10/09/2027;0.944319841
11/09/2027;0.94427774
12/09/2027;0.944235641
13/09/2027;0.944193545
14/09/2027;0.944151449
15/09/2027;0.944109356
16/09/2027;0.944067265
17/09/2027;0.944025176
18/09/2027;0.943983088
19/09/2027;0.943941002
20/09/2027;0.943898919
21/09/2027;0.943856837
22/09/2027;0.943814757
23/09/2027;0.943772678
24/09/2027;0.943730602
25/09/2027;0.943688528
26/09/2027;0.943646455
27/09/2027;0.943604385
28/09/2027;0.943562316
29/09/2027;0.943520249
30/09/2027;0.943478184
01/10/2027;0.943436121
02/10/2027;0.943394059
03/10/2027;0.943352
04/10/2027;0.943309942
05/10/2027;0.943267887
06/10/2027;0.943225833
07/10/2027;0.943183781
08/10/2027;0.943141731
09/10/2027;0.943099683
10/10/2027;0.943057637
11/10/2027;0.943015592
12/10/2027;0.94297355
13/10/2027;0.942931509
14/10/2027;0.94288947
15/10/2027;0.942847433
16/10/2027;0.942805398
17/10/2027;0.942763365
18/10/2027;0.942721334
19/10/2027;0.942679304
20/10/2027;0.942637277
21/10/2027;0.942595251
22/10/2027;0.942553227
23/10/2027;0.942511205
24/10/2027;0.942469185
25/10/2027;0.942427167
26/10/2027;0.942385151
27/10/2027;0.942343136
28/10/2027;0.942301124
29/10/2027;0.942259113
30/10/2027;0.942217104
31/10/2027;0.942175098
01/11/2027;0.942133092
02/11/2027;0.942091089
03/11/2027;0.942049088
04/11/2027;0.942007088
05/11/2027;0.941965091
06/11/2027;0.941923095
07/11/2027;0.941881101
08/11/2027;0.941839109
09/11/2027;0.941797119
10/11/2027;0.941755131
11/11/2027;0.941713145
12/11/2027;0.94167116
13/11/2027;0.941629178
14/11/2027;0.941587197
15/11/2027;0.941545218
16/11/2027;0.941503241
17/11/2027;0.941461266
18/11/2027;0.941419293
19/11/2027;0.941377321
20/11/2027;0.941335352
21/11/2027;0.941293384
22/11/2027;0.941251419
23/11/2027;0.941209455
24/11/2027;0.941167493
25/11/2027;0.941125533
26/11/2027;0.941083574
27/11/2027;0.941041618
28/11/2027;0.940999663
29/11/2027;0.940957711
30/11/2027;0.94091576
01/12/2027;0.940873811
02/12/2027;0.940831864
03/12/2027;0.940789919
04/12/2027;0.940747975
05/12/2027;0.940706034
06/12/2027;0.940664094
07/12/2027;0.940622157
08/12/2027;0.940580221
09/12/2027;0.940538287
10/12/2027;0.940496355
11/12/2027;0.940454425
12/12/2027;0.940412496
13/12/2027;0.94037057
14/12/2027;0.940328645
15/12/2027;0.940286722
16/12/2027;0.940244802
17/12/2027;0.940202883
18/12/2027;0.940160965
19/12/2027;0.94011905
20/12/2027;0.940077137
21/12/2027;0.940035225
22/12/2027;0.939993316
23/12/2027;0.939951408
24/12/2027;0.939909502
25/12/2027;0.939867598
26/12/2027;0.939825696
27/12/2027;0.939783795
28/12/2027;0.939741897
29/12/2027;0.9397
30/12/2027;0.939658106
31/12/2027;0.939616213
01/01/2028;0.939574322
02/01/2028;0.939532433
03/01/2028;0.939490545
04/01/2028;0.93944866
05/01/2028;0.939406776
06/01/2028;0.939364895
07/01/2028;0.939323015
08/01/2028;0.939281137
09/01/2028;0.939239261
10/01/2028;0.939197387
11/01/2028;0.939155515
12/01/2028;0.939113644
13/01/2028;0.939071776
14/01/2028;0.939029909
15/01/2028;0.938988044
16/01/2028;0.938946181
17/01/2028;0.93890432
18/01/2028;0.938862461
19/01/2028;0.938820603
20/01/2028;0.938778748
21/01/2028;0.938736894
22/01/2028;0.938695042
23/01/2028;0.938653192
24/01/2028;0.938611344
25/01/2028;0.938569498
26/01/2028;0.938527654
27/01/2028;0.938485811
28/01/2028;0.938443971
29/01/2028;0.938402132
30/01/2028;0.938360295
31/01/2028;0.93831846
01/02/2028;0.938276627
02/02/2028;0.938234796
03/02/2028;0.938192967
04/02/2028;0.938151139
05/02/2028;0.938109313
06/02/2028;0.93806749
07/02/2028;0.938025668
08/02/2028;0.937983848
09/02/2028;0.937942029
10/02/2028;0.937900213
11/02/2028;0.937858399
12/02/2028;0.937816586
13/02/2028;0.937774775
14/02/2028;0.937732966
15/02/2028;0.937691159
16/02/2028;0.937649354
17/02/2028;0.937607551
18/02/2028;0.937565749
19/02/2028;0.93752395
20/02/2028;0.937482152
21/02/2028;0.937440356
22/02/2028;0.937398562
23/02/2028;0.93735677
24/02/2028;0.93731498
25/02/2028;0.937273192
26/02/2028;0.937231405
27/02/2028;0.93718962
28/02/2028;0.937147838
29/02/2028;0.937106057
01/03/2028;0.937064278
02/03/2028;0.9370225
03/03/2028;0.936980725
04/03/2028;0.936938952
05/03/2028;0.93689718
06/03/2028;0.93685541
07/03/2028;0.936813642
08/03/2028;0.936771876
09/03/2028;0.936730112
10/03/2028;0.93668835
11/03/2028;0.936646589
12/03/2028;0.936604831
13/03/2028;0.936563074
14/03/2028;0.936521319
15/03/2028;0.936479566
16/03/2028;0.936437815
17/03/2028;0.936396066
18/03/2028;0.936354318
19/03/2028;0.936312573
20/03/2028;0.936270829
21/03/2028;0.936229087
22/03/2028;0.936187347
23/03/2028;0.936145609
24/03/2028;0.936103873
25/03/2028;0.936062139
26/03/2028;0.936020406
27/03/2028;0.935978675
28/03/2028;0.935936947
29/03/2028;0.93589522
30/03/2028;0.935853494
31/03/2028;0.935811771
01/04/2028;0.93577005
02/04/2028;0.93572833
03/04/2028;0.935686613
04/04/2028;0.935644897
05/04/2028;0.935603183
06/04/2028;0.935561471
07/04/2028;0.935519761
08/04/2028;0.935478052
09/04/2028;0.935436346
10/04/2028;0.935394641
11/04/2028;0.935352938
12/04/2028;0.935311238
13/04/2028;0.935269539
14/04/2028;0.935227841
15/04/2028;0.935186146
16/04/2028;0.935144453
17/04/2028;0.935102761
18/04/2028;0.935061071
19/04/2028;0.935019383
20/04/2028;0.934977697
21/04/2028;0.934936013
22/04/2028;0.934894331
23/04/2028;0.93485265
24/04/2028;0.934810972
25/04/2028;0.934769295
26/04/2028;0.93472762
27/04/2028;0.934685947
28/04/2028;0.934644276
29/04/2028;0.934602606
30/04/2028;0.934560939
01/05/2028;0.934519273
02/05/2028;0.93447761
03/05/2028;0.934435948
04/05/2028;0.934394288
05/05/2028;0.93435263
06/05/2028;0.934310973
07/05/2028;0.934269319
08/05/2028;0.934227666
09/05/2028;0.934186015
10/05/2028;0.934144367
11/05/2028;0.93410272
12/05/2028;0.934061074
13/05/2028;0.934019431
14/05/2028;0.93397779
15/05/2028;0.93393615
16/05/2028;0.933894512
17/05/2028;0.933852876
18/05/2028;0.933811242
19/05/2028;0.93376961
20/05/2028;0.93372798
21/05/2028;0.933686351
22/05/2028;0.933644725
23/05/2028;0.9336031
24/05/2028;0.933561477
25/05/2028;0.933519856
26/05/2028;0.933478237
27/05/2028;0.93343662
28/05/2028;0.933395004
29/05/2028;0.93335339
30/05/2028;0.933311779
31/05/2028;0.933270169
01/06/2028;0.933228561
02/06/2028;0.933186955
03/06/2028;0.93314535
04/06/2028;0.933103748
05/06/2028;0.933062147
06/06/2028;0.933020548
07/06/2028;0.932978951
08/06/2028;0.932937356
09/06/2028;0.932895763
10/06/2028;0.932854172
11/06/2028;0.932812582
12/06/2028;0.932770995
13/06/2028;0.932729409
14/06/2028;0.932687825
15/06/2028;0.932646243
16/06/2028;0.932604662
17/06/2028;0.932563084
18/06/2028;0.932521508
19/06/2028;0.932479933
20/06/2028;0.93243836
21/06/2028;0.932396789
22/06/2028;0.93235522
23/06/2028;0.932313653
24/06/2028;0.932272087
25/06/2028;0.932230524
26/06/2028;0.932188962
27/06/2028;0.932147402
28/06/2028;0.932105844
29/06/2028;0.932064288
30/06/2028;0.932022734
01/07/2028;0.931981181
02/07/2028;0.931939631
03/07/2028;0.931898082
04/07/2028;0.931856535
05/07/2028;0.93181499
06/07/2028;0.931773447
07/07/2028;0.931731906
08/07/2028;0.931690366
09/07/2028;0.931648828
10/07/2028;0.931607293
11/07/2028;0.931565759
12/07/2028;0.931524227
13/07/2028;0.931482696
14/07/2028;0.931441168
15/07/2028;0.931399642
16/07/2028;0.931358117
17/07/2028;0.931316594
18/07/2028;0.931275073
19/07/2028;0.931233554
20/07/2028;0.931192037
21/07/2028;0.931150521
22/07/2028;0.931109008
23/07/2028;0.931067496
24/07/2028;0.931025986
25/07/2028;0.930984478
26/07/2028;0.930942972
27/07/2028;0.930901468
28/07/2028;0.930859965
29/07/2028;0.930818465
30/07/2028;0.930776966
31/07/2028;0.930735469
01/08/2028;0.930693974
02/08/2028;0.930652481
03/08/2028;0.93061099
04/08/2028;0.9305695
05/08/2028;0.930528012
06/08/2028;0.930486527
07/08/2028;0.930445043
08/08/2028;0.930403561
09/08/2028;0.93036208
10/08/2028;0.93031855
11/08/2028;0.930275022
12/08/2028;0.930231496
13/08/2028;0.930187971
14/08/2028;0.930144449
15/08/2028;0.930100929
16/08/2028;0.930057411
17/08/2028;0.930013895
18/08/2028;0.929970381
19/08/2028;0.929926869
20/08/2028;0.929883359
21/08/2028;0.929839851
22/08/2028;0.929796345
23/08/2028;0.929752842
24/08/2028;0.92970934
25/08/2028;0.92966584
26/08/2028;0.929622342
27/08/2028;0.929578847
28/08/2028;0.929535353
29/08/2028;0.929491861
30/08/2028;0.929448372
31/08/2028;0.929404884
01/09/2028;0.929361399
02/09/2028;0.929317915
03/09/2028;0.929274434
04/09/2028;0.929230954
05/09/2028;0.929187477
06/09/2028;0.929144002
07/09/2028;0.929100528
08/09/2028;0.929057057
09/09/2028;0.929013588
10/09/2028;0.928970121
11/09/2028;0.928926656
12/09/2028;0.928883192
13/09/2028;0.928839731
14/09/2028;0.928796272
15/09/2028;0.928752815
16/09/2028;0.92870936
17/09/2028;0.928665907
18/09/2028;0.928622456
19/09/2028;0.928579007
20/09/2028;0.928535561
21/09/2028;0.928492116
22/09/2028;0.928448673
23/09/2028;0.928405232
24/09/2028;0.928361794
25/09/2028;0.928318357
26/09/2028;0.928274922
27/09/2028;0.92823149
28/09/2028;0.928188059
29/09/2028;0.92814463
30/09/2028;0.928101204
01/10/2028;0.928057779
02/10/2028;0.928014357
03/10/2028;0.927970936
04/10/2028;0.927927518
05/10/2028;0.927884102
06/10/2028;0.927840687
07/10/2028;0.927797275
08/10/2028;0.927753865
09/10/2028;0.927710456
10/10/2028;0.92766705
11/10/2028;0.927623646
12/10/2028;0.927580244
13/10/2028;0.927536844
14/10/2028;0.927493446
15/10/2028;0.927450049
16/10/2028;0.927406655
17/10/2028;0.927363263
18/10/2028;0.927319873
19/10/2028;0.927276486
20/10/2028;0.9272331
21/10/2028;0.927189716
22/10/2028;0.927146334
23/10/2028;0.927102954
24/10/2028;0.927059576
25/10/2028;0.9270162
26/10/2028;0.926972827
27/10/2028;0.926929455
28/10/2028;0.926886085
29/10/2028;0.926842718
30/10/2028;0.926799352
31/10/2028;0.926755988
01/11/2028;0.926712627
02/11/2028;0.926669267
03/11/2028;0.92662591
04/11/2028;0.926582554
05/11/2028;0.926539201
06/11/2028;0.926495849
07/11/2028;0.9264525
08/11/2028;0.926409153
09/11/2028;0.926365807
10/11/2028;0.926322464
11/11/2028;0.926279123
12/11/2028;0.926235784
13/11/2028;0.926192446
14/11/2028;0.926149111
15/11/2028;0.926105778
16/11/2028;0.926062447
17/11/2028;0.926019118
18/11/2028;0.925975791
19/11/2028;0.925932466
20/11/2028;0.925889142
21/11/2028;0.925845821
22/11/2028;0.925802502
23/11/2028;0.925759186
24/11/2028;0.925715871
25/11/2028;0.925672558
26/11/2028;0.925629247
27/11/2028;0.925585938
28/11/2028;0.925542631
29/11/2028;0.925499326
30/11/2028;0.925456024
01/12/2028;0.925412723
02/12/2028;0.925369424
03/12/2028;0.925326127
04/12/2028;0.925282833
05/12/2028;0.92523954
06/12/2028;0.92519625
07/12/2028;0.925152961
08/12/2028;0.925109674
09/12/2028;0.92506639
10/12/2028;0.925023107
11/12/2028;0.924979827
12/12/2028;0.924936548
13/12/2028;0.924893272
14/12/2028;0.924849998
15/12/2028;0.924806725
16/12/2028;0.924763455
17/12/2028;0.924720186
18/12/2028;0.92467692
19/12/2028;0.924633656
20/12/2028;0.924590394
21/12/2028;0.924547133
22/12/2028;0.924503875
23/12/2028;0.924460619
24/12/2028;0.924417365
25/12/2028;0.924374113
26/12/2028;0.924330862
27/12/2028;0.924287614
28/12/2028;0.924244368
29/12/2028;0.924201124
30/12/2028;0.924157882
31/12/2028;0.924114642
01/01/2029;0.924071404
02/01/2029;0.924028168
03/01/2029;0.923984934
04/01/2029;0.923941702
05/01/2029;0.923898473
06/01/2029;0.923855245
07/01/2029;0.923812019
08/01/2029;0.923768795
09/01/2029;0.923725573
10/01/2029;0.923682353
11/01/2029;0.923639136
12/01/2029;0.92359592
13/01/2029;0.923552706
14/01/2029;0.923509495
15/01/2029;0.923466285
16/01/2029;0.923423077
17/01/2029;0.923379872
18/01/2029;0.923336668
19/01/2029;0.923293466
20/01/2029;0.923250267
21/01/2029;0.923207069
22/01/2029;0.923163874
23/01/2029;0.92312068
24/01/2029;0.923077489
25/01/2029;0.923034299
26/01/2029;0.922991112
27/01/2029;0.922947927
28/01/2029;0.922904743
29/01/2029;0.922861562
30/01/2029;0.922818382
31/01/2029;0.922775205
01/02/2029;0.92273203
02/02/2029;0.922688857
03/02/2029;0.922645685
04/02/2029;0.922602516
05/02/2029;0.922559349
06/02/2029;0.922516184
07/02/2029;0.92247302
08/02/2029;0.922429859
09/02/2029;0.9223867
10/02/2029;0.922343543
11/02/2029;0.922300388
12/02/2029;0.922257235
13/02/2029;0.922214084
14/02/2029;0.922170935
15/02/2029;0.922127788
16/02/2029;0.922084642
17/02/2029;0.922041499
18/02/2029;0.921998359
19/02/2029;0.92195522
20/02/2029;0.921912083
21/02/2029;0.921868948
22/02/2029;0.921825815
23/02/2029;0.921782684
24/02/2029;0.921739555
25/02/2029;0.921696428
26/02/2029;0.921653303
27/02/2029;0.92161018
28/02/2029;0.92156706
01/03/2029;0.921523941
02/03/2029;0.921480824
03/03/2029;0.921437709
04/03/2029;0.921394597
05/03/2029;0.921351486
06/03/2029;0.921308377
07/03/2029;0.921265271
08/03/2029;0.921222166
09/03/2029;0.921179063
10/03/2029;0.921135963
11/03/2029;0.921092864
12/03/2029;0.921049767
13/03/2029;0.921006673
14/03/2029;0.92096358
15/03/2029;0.92092049
16/03/2029;0.920877401
17/03/2029;0.920834315
18/03/2029;0.92079123
19/03/2029;0.920748148
20/03/2029;0.920705067
21/03/2029;0.920661989
22/03/2029;0.920618912
23/03/2029;0.920575838
24/03/2029;0.920532766
25/03/2029;0.920489695
26/03/2029;0.920446627
27/03/2029;0.92040356
28/03/2029;0.920360496
29/03/2029;0.920317434
30/03/2029;0.920274373
31/03/2029;0.920231315
01/04/2029;0.920188259
02/04/2029;0.920145205
03/04/2029;0.920102152
04/04/2029;0.920059102
05/04/2029;0.920016054
06/04/2029;0.919973008
07/04/2029;0.919929963
08/04/2029;0.919886921
09/04/2029;0.919843881
10/04/2029;0.919800843
11/04/2029;0.919757807
12/04/2029;0.919714773
13/04/2029;0.91967174
14/04/2029;0.91962871
15/04/2029;0.919585682
16/04/2029;0.919542656
17/04/2029;0.919499632
18/04/2029;0.91945661
19/04/2029;0.91941359
20/04/2029;0.919370572
21/04/2029;0.919327556
22/04/2029;0.919284542
23/04/2029;0.91924153
24/04/2029;0.91919852
25/04/2029;0.919155512
26/04/2029;0.919112506
27/04/2029;0.919069502
28/04/2029;0.9190265
29/04/2029;0.9189835
30/04/2029;0.918940502
01/05/2029;0.918897507
02/05/2029;0.918854513
03/05/2029;0.918811521
04/05/2029;0.918768531
05/05/2029;0.918725543
06/05/2029;0.918682557
07/05/2029;0.918639573
08/05/2029;0.918596592
09/05/2029;0.918553612
10/05/2029;0.918510634
11/05/2029;0.918467658
12/05/2029;0.918424685
13/05/2029;0.918381713
14/05/2029;0.918338743
15/05/2029;0.918295775
16/05/2029;0.91825281
17/05/2029;0.918209846
18/05/2029;0.918166884
19/05/2029;0.918123924
20/05/2029;0.918080967
21/05/2029;0.918038011
22/05/2029;0.917995057
23/05/2029;0.917952106
24/05/2029;0.917909156
25/05/2029;0.917866208
26/05/2029;0.917823263
27/05/2029;0.917780319
28/05/2029;0.917737378
29/05/2029;0.917694438
30/05/2029;0.9176515
31/05/2029;0.917608565
01/06/2029;0.917565631
02/06/2029;0.9175227
03/06/2029;0.91747977
04/06/2029;0.917436843
05/06/2029;0.917393917
06/06/2029;0.917350994
07/06/2029;0.917308072
08/06/2029;0.917265153
09/06/2029;0.917222235
10/06/2029;0.91717932
11/06/2029;0.917136406
12/06/2029;0.917093495
13/06/2029;0.917050585
14/06/2029;0.917007678
15/06/2029;0.916964772
16/06/2029;0.916921869
17/06/2029;0.916878967
18/06/2029;0.916836068
19/06/2029;0.91679317
20/06/2029;0.916750275
21/06/2029;0.916707382
22/06/2029;0.91666449
23/06/2029;0.916621601
24/06/2029;0.916578713
25/06/2029;0.916535828
26/06/2029;0.916492945
27/06/2029;0.916450063
28/06/2029;0.916407184
29/06/2029;0.916364307
30/06/2029;0.916321431
01/07/2029;0.916278558
02/07/2029;0.916235686
03/07/2029;0.916192817
04/07/2029;0.91614995
05/07/2029;0.916107084
06/07/2029;0.916064221
07/07/2029;0.91602136
08/07/2029;0.915978501
09/07/2029;0.915935643
10/07/2029;0.915892788
11/07/2029;0.915849935
12/07/2029;0.915807083
13/07/2029;0.915764234
14/07/2029;0.915721387
15/07/2029;0.915678542
16/07/2029;0.915635698
17/07/2029;0.915592857
18/07/2029;0.915550018
19/07/2029;0.91550718
20/07/2029;0.915464345
21/07/2029;0.915421512
22/07/2029;0.915378681
23/07/2029;0.915335852
24/07/2029;0.915293024
25/07/2029;0.915250199
26/07/2029;0.915207376
27/07/2029;0.915164555
28/07/2029;0.915121735
29/07/2029;0.915078918
30/07/2029;0.915036103
31/07/2029;0.91499329
01/08/2029;0.914950479
02/08/2029;0.914907669
03/08/2029;0.914864862
04/08/2029;0.914822057
05/08/2029;0.914779254
06/08/2029;0.914736453
07/08/2029;0.914693653
08/08/2029;0.914650856
09/08/2029;0.914608061
10/08/2029;0.91456423
11/08/2029;0.914520401
12/08/2029;0.914476575
13/08/2029;0.91443275
14/08/2029;0.914388927
15/08/2029;0.914345107
16/08/2029;0.914301289
17/08/2029;0.914257473
18/08/2029;0.914213659
19/08/2029;0.914169847
20/08/2029;0.914126037
21/08/2029;0.914082229
22/08/2029;0.914038423
23/08/2029;0.91399462
24/08/2029;0.913950818
25/08/2029;0.913907019
26/08/2029;0.913863221
27/08/2029;0.913819426
28/08/2029;0.913775633
29/08/2029;0.913731842
30/08/2029;0.913688053
31/08/2029;0.913644266
01/09/2029;0.913600482
02/09/2029;0.913556699
03/09/2029;0.913512918
04/09/2029;0.91346914
05/09/2029;0.913425364
06/09/2029;0.913381589
07/09/2029;0.913337817
08/09/2029;0.913294047
09/09/2029;0.913250279
10/09/2029;0.913206514
11/09/2029;0.91316275
12/09/2029;0.913118988
13/09/2029;0.913075229
14/09/2029;0.913031471
15/09/2029;0.912987716
16/09/2029;0.912943963
17/09/2029;0.912900212
18/09/2029;0.912856462
19/09/2029;0.912812715
20/09/2029;0.912768971
21/09/2029;0.912725228
22/09/2029;0.912681487
23/09/2029;0.912637749
24/09/2029;0.912594012
25/09/2029;0.912550278
26/09/2029;0.912506545
27/09/2029;0.912462815
28/09/2029;0.912419087
29/09/2029;0.912375361
30/09/2029;0.912331637
01/10/2029;0.912287916
02/10/2029;0.912244196
03/10/2029;0.912200478
04/10/2029;0.912156763
05/10/2029;0.912113049
06/10/2029;0.912069338
07/10/2029;0.912025629
08/10/2029;0.911981922
09/10/2029;0.911938216
10/10/2029;0.911894514
11/10/2029;0.911850813
12/10/2029;0.911807114
13/10/2029;0.911763417
14/10/2029;0.911719723
15/10/2029;0.91167603
16/10/2029;0.91163234
17/10/2029;0.911588652
18/10/2029;0.911544965
19/10/2029;0.911501281
20/10/2029;0.911457599
21/10/2029;0.911413919
22/10/2029;0.911370241
23/10/2029;0.911326566
24/10/2029;0.911282892
25/10/2029;0.911239221
26/10/2029;0.911195551
27/10/2029;0.911151884
28/10/2029;0.911108218
29/10/2029;0.911064555
30/10/2029;0.911020894
31/10/2029;0.910977235
01/11/2029;0.910933578
02/11/2029;0.910889924
03/11/2029;0.910846271
04/11/2029;0.91080262
05/11/2029;0.910758972
06/11/2029;0.910715325
07/11/2029;0.910671681
08/11/2029;0.910628039
09/11/2029;0.910584398
10/11/2029;0.91054076
11/11/2029;0.910497124
12/11/2029;0.910453491
13/11/2029;0.910409859
14/11/2029;0.910366229
15/11/2029;0.910322601
16/11/2029;0.910278976
17/11/2029;0.910235352
18/11/2029;0.910191731
19/11/2029;0.910148112
20/11/2029;0.910104495
21/11/2029;0.91006088
22/11/2029;0.910017267
23/11/2029;0.909973656
24/11/2029;0.909930047
25/11/2029;0.90988644
26/11/2029;0.909842836
27/11/2029;0.909799233
28/11/2029;0.909755633
29/11/2029;0.909712034
30/11/2029;0.909668438
01/12/2029;0.909624844
02/12/2029;0.909581252
03/12/2029;0.909537662
04/12/2029;0.909494074
05/12/2029;0.909450488
06/12/2029;0.909406904
07/12/2029;0.909363323
08/12/2029;0.909319743
09/12/2029;0.909276166
10/12/2029;0.90923259
11/12/2029;0.909189017
12/12/2029;0.909145446
13/12/2029;0.909101877
14/12/2029;0.90905831
15/12/2029;0.909014745
16/12/2029;0.908971182
17/12/2029;0.908927621
18/12/2029;0.908884062
19/12/2029;0.908840506
20/12/2029;0.908796951
21/12/2029;0.908753399
22/12/2029;0.908709849
23/12/2029;0.9086663
24/12/2029;0.908622754
25/12/2029;0.90857921
26/12/2029;0.908535668
27/12/2029;0.908492128
28/12/2029;0.90844859
29/12/2029;0.908405055
30/12/2029;0.908361521
31/12/2029;0.90831799
01/01/2030;0.90827446
02/01/2030;0.908230933
03/01/2030;0.908187407
04/01/2030;0.908143884
05/01/2030;0.908100363
06/01/2030;0.908056844
07/01/2030;0.908013327
08/01/2030;0.907969812
09/01/2030;0.907926299
10/01/2030;0.907882789
11/01/2030;0.90783928
12/01/2030;0.907795774
13/01/2030;0.907752269
14/01/2030;0.907708767
15/01/2030;0.907665267
16/01/2030;0.907621768
17/01/2030;0.907578272
18/01/2030;0.907534778
19/01/2030;0.907491286
20/01/2030;0.907447797
21/01/2030;0.907404309
22/01/2030;0.907360823
23/01/2030;0.90731734
24/01/2030;0.907273858
25/01/2030;0.907230379
26/01/2030;0.907186901
27/01/2030;0.907143426
28/01/2030;0.907099953
29/01/2030;0.907056482
30/01/2030;0.907013013
31/01/2030;0.906969546
01/02/2030;0.906926081
02/02/2030;0.906882618
03/02/2030;0.906839158
04/02/2030;0.906795699
05/02/2030;0.906752243
06/02/2030;0.906708788
07/02/2030;0.906665336
08/02/2030;0.906621886
09/02/2030;0.906578437
10/02/2030;0.906534991
11/02/2030;0.906491547
12/02/2030;0.906448105
13/02/2030;0.906404665
14/02/2030;0.906361228
15/02/2030;0.906317792
16/02/2030;0.906274358
17/02/2030;0.906230927
18/02/2030;0.906187497
19/02/2030;0.90614407
20/02/2030;0.906100645
21/02/2030;0.906057222
22/02/2030;0.906013801
23/02/2030;0.905970381
24/02/2030;0.905926965
25/02/2030;0.90588355
26/02/2030;0.905840137
27/02/2030;0.905796726
28/02/2030;0.905753318
01/03/2030;0.905709911
02/03/2030;0.905666506
03/03/2030;0.905623104
04/03/2030;0.905579704
05/03/2030;0.905536306
06/03/2030;0.905492909
07/03/2030;0.905449515
08/03/2030;0.905406123
09/03/2030;0.905362733
10/03/2030;0.905319346
11/03/2030;0.90527596
12/03/2030;0.905232576
13/03/2030;0.905189195
14/03/2030;0.905145815
15/03/2030;0.905102438
16/03/2030;0.905059062
17/03/2030;0.905015689
18/03/2030;0.904972318
19/03/2030;0.904928949
20/03/2030;0.904885582
21/03/2030;0.904842217
22/03/2030;0.904798854
23/03/2030;0.904755493
24/03/2030;0.904712134
25/03/2030;0.904668778
26/03/2030;0.904625423
27/03/2030;0.90458207
28/03/2030;0.90453872
29/03/2030;0.904495372
30/03/2030;0.904452025
31/03/2030;0.904408681
01/04/2030;0.904365339
02/04/2030;0.904321999
03/04/2030;0.904278661
04/04/2030;0.904235325
05/04/2030;0.904191991
06/04/2030;0.90414866
07/04/2030;0.90410533
08/04/2030;0.904062003
09/04/2030;0.904018677
10/04/2030;0.903975354
11/04/2030;0.903932032
12/04/2030;0.903888713
13/04/2030;0.903845396
14/04/2030;0.903802081
15/04/2030;0.903758768
16/04/2030;0.903715457
17/04/2030;0.903672148
18/04/2030;0.903628841
19/04/2030;0.903585536
20/04/2030;0.903542234
21/04/2030;0.903498933
22/04/2030;0.903455634
23/04/2030;0.903412338
24/04/2030;0.903369044
25/04/2030;0.903325751
26/04/2030;0.903282461
27/04/2030;0.903239173
28/04/2030;0.903195887
29/04/2030;0.903152603
30/04/2030;0.903109321
01/05/2030;0.903066041
02/05/2030;0.903022763
03/05/2030;0.902979488
04/05/2030;0.902936214
05/05/2030;0.902892943
06/05/2030;0.902849673
07/05/2030;0.902806406
08/05/2030;0.90276314
09/05/2030;0.902719877
10/05/2030;0.902676616
11/05/2030;0.902633357
12/05/2030;0.9025901
13/05/2030;0.902546845
14/05/2030;0.902503592
15/05/2030;0.902460341
16/05/2030;0.902417092
17/05/2030;0.902373846
18/05/2030;0.902330601
19/05/2030;0.902287359
20/05/2030;0.902244118
21/05/2030;0.90220088
22/05/2030;0.902157643
23/05/2030;0.902114409
24/05/2030;0.902071177
25/05/2030;0.902027947
26/05/2030;0.901984719
27/05/2030;0.901941493
28/05/2030;0.901898269
29/05/2030;0.901855047
30/05/2030;0.901811828
31/05/2030;0.90176861
01/06/2030;0.901725394
02/06/2030;0.901682181
03/06/2030;0.901638969
04/06/2030;0.90159576
05/06/2030;0.901552553
06/06/2030;0.901509347
07/06/2030;0.901466144
08/06/2030;0.901422943
09/06/2030;0.901379744
10/06/2030;0.901336547
11/06/2030;0.901293352
12/06/2030;0.901250159
13/06/2030;0.901206969
14/06/2030;0.90116378
15/06/2030;0.901120593
16/06/2030;0.901077409
17/06/2030;0.901034226
18/06/2030;0.900991046
19/06/2030;0.900947868
20/06/2030;0.900904691
21/06/2030;0.900861517
22/06/2030;0.900818345
23/06/2030;0.900775175
24/06/2030;0.900732007
25/06/2030;0.900688841
26/06/2030;0.900645677
27/06/2030;0.900602516
28/06/2030;0.900559356
29/06/2030;0.900516198
30/06/2030;0.900473043
01/07/2030;0.900429889
02/07/2030;0.900386738
03/07/2030;0.900343588
04/07/2030;0.900300441
05/07/2030;0.900257296
06/07/2030;0.900214153
07/07/2030;0.900171012
08/07/2030;0.900127873
09/07/2030;0.900084736
10/07/2030;0.900041601
11/07/2030;0.899998468
12/07/2030;0.899955337
13/07/2030;0.899912208
14/07/2030;0.899869082
15/07/2030;0.899825957
16/07/2030;0.899782835
17/07/2030;0.899739714
18/07/2030;0.899696596
19/07/2030;0.89965348
20/07/2030;0.899610365
21/07/2030;0.899567253
22/07/2030;0.899524143
23/07/2030;0.899481035
24/07/2030;0.899437929
25/07/2030;0.899394825
26/07/2030;0.899351723
27/07/2030;0.899308624
28/07/2030;0.899265526
29/07/2030;0.89922243
30/07/2030;0.899179337
31/07/2030;0.899136245
01/08/2030;0.899093156
02/08/2030;0.899050068
03/08/2030;0.899006983
04/08/2030;0.8989639
05/08/2030;0.898920819
06/08/2030;0.89887774
07/08/2030;0.898834663
08/08/2030;0.898791588
09/08/2030;0.898748515
10/08/2030;0.898703632
11/08/2030;0.898658751
12/08/2030;0.898613873
13/08/2030;0.898568997
14/08/2030;0.898524123
15/08/2030;0.898479251
16/08/2030;0.898434381
17/08/2030;0.898389514
18/08/2030;0.898344649
19/08/2030;0.898299787
20/08/2030;0.898254926
21/08/2030;0.898210068
22/08/2030;0.898165212
23/08/2030;0.898120358
24/08/2030;0.898075507
25/08/2030;0.898030657
26/08/2030;0.89798581
27/08/2030;0.897940965
28/08/2030;0.897896123
29/08/2030;0.897851283
30/08/2030;0.897806444
31/08/2030;0.897761609
01/09/2030;0.897716775
02/09/2030;0.897671944
03/09/2030;0.897627115
04/09/2030;0.897582288
05/09/2030;0.897537463
06/09/2030;0.897492641
07/09/2030;0.89744782
08/09/2030;0.897403002
09/09/2030;0.897358187
10/09/2030;0.897313373
11/09/2030;0.897268562
12/09/2030;0.897223753
13/09/2030;0.897178946
14/09/2030;0.897134142
15/09/2030;0.89708934
16/09/2030;0.89704454
17/09/2030;0.896999742
18/09/2030;0.896954946
19/09/2030;0.896910153
20/09/2030;0.896865362
21/09/2030;0.896820573
22/09/2030;0.896775786
23/09/2030;0.896731002
24/09/2030;0.89668622
25/09/2030;0.89664144
26/09/2030;0.896596662
27/09/2030;0.896551887
28/09/2030;0.896507114
29/09/2030;0.896462343
30/09/2030;0.896417574
01/10/2030;0.896372807
02/10/2030;0.896328043
03/10/2030;0.896283281
04/10/2030;0.896238521
05/10/2030;0.896193764
06/10/2030;0.896149009
07/10/2030;0.896104256
08/10/2030;0.896059505
09/10/2030;0.896014756
10/10/2030;0.89597001
11/10/2030;0.895925266
12/10/2030;0.895880524
13/10/2030;0.895835784
14/10/2030;0.895791047
15/10/2030;0.895746311
16/10/2030;0.895701578
17/10/2030;0.895656848
18/10/2030;0.895612119
19/10/2030;0.895567393
20/10/2030;0.895522669
21/10/2030;0.895477947
22/10/2030;0.895433228
23/10/2030;0.89538851
24/10/2030;0.895343795
25/10/2030;0.895299082
26/10/2030;0.895254372
27/10/2030;0.895209663
28/10/2030;0.895164957
29/10/2030;0.895120253
30/10/2030;0.895075551
31/10/2030;0.895030852
01/11/2030;0.894986155
02/11/2030;0.89494146
03/11/2030;0.894896767
04/11/2030;0.894852076
05/11/2030;0.894807388
06/11/2030;0.894762702
07/11/2030;0.894718018
08/11/2030;0.894673337
09/11/2030;0.894628657
10/11/2030;0.89458398
11/11/2030;0.894539305
12/11/2030;0.894494632
13/11/2030;0.894449962
14/11/2030;0.894405294
15/11/2030;0.894360628
16/11/2030;0.894315964
17/11/2030;0.894271303
18/11/2030;0.894226643
19/11/2030;0.894181986
20/11/2030;0.894137331
21/11/2030;0.894092679
22/11/2030;0.894048028
23/11/2030;0.89400338
24/11/2030;0.893958734
25/11/2030;0.893914091
26/11/2030;0.893869449
27/11/2030;0.89382481
28/11/2030;0.893780173
29/11/2030;0.893735538
30/11/2030;0.893690906
01/12/2030;0.893646275
02/12/2030;0.893601647
03/12/2030;0.893557021
04/12/2030;0.893512398
05/12/2030;0.893467776
06/12/2030;0.893423157
07/12/2030;0.89337854
08/12/2030;0.893333925
09/12/2030;0.893289313
10/12/2030;0.893244703
11/12/2030;0.893200095
12/12/2030;0.893155489
13/12/2030;0.893110885
14/12/2030;0.893066284
15/12/2030;0.893021685
16/12/2030;0.892977088
17/12/2030;0.892932493
18/12/2030;0.892887901
19/12/2030;0.892843311
20/12/2030;0.892798723
21/12/2030;0.892754137
22/12/2030;0.892709553
23/12/2030;0.892664972
24/12/2030;0.892620393
25/12/2030;0.892575816
26/12/2030;0.892531241
27/12/2030;0.892486669
28/12/2030;0.892442099
29/12/2030;0.892397531
30/12/2030;0.892352965
31/12/2030;0.892308402
01/01/2031;0.89226384
02/01/2031;0.892219281
03/01/2031;0.892174724
04/01/2031;0.89213017
05/01/2031;0.892085617
06/01/2031;0.892041067
07/01/2031;0.891996519
08/01/2031;0.891951974
09/01/2031;0.89190743
10/01/2031;0.891862889
11/01/2031;0.89181835
12/01/2031;0.891773813
13/01/2031;0.891729279
14/01/2031;0.891684746
15/01/2031;0.891640216
16/01/2031;0.891595688
17/01/2031;0.891551162
18/01/2031;0.891506639
19/01/2031;0.891462118
20/01/2031;0.891417599
21/01/2031;0.891373082
22/01/2031;0.891328567
23/01/2031;0.891284055
24/01/2031;0.891239545
25/01/2031;0.891195037
26/01/2031;0.891150531
27/01/2031;0.891106028
28/01/2031;0.891061527
29/01/2031;0.891017028
30/01/2031;0.890972531
31/01/2031;0.890928036
01/02/2031;0.890883544
02/02/2031;0.890839054
03/02/2031;0.890794566
04/02/2031;0.89075008
05/02/2031;0.890705597
06/02/2031;0.890661116
07/02/2031;0.890616637
08/02/2031;0.89057216
09/02/2031;0.890527685
10/02/2031;0.890483213
11/02/2031;0.890438743
12/02/2031;0.890394275
13/02/2031;0.890349809
14/02/2031;0.890305346
15/02/2031;0.890260884
16/02/2031;0.890216425
17/02/2031;0.890171969
18/02/2031;0.890127514
19/02/2031;0.890083062
20/02/2031;0.890038612
21/02/2031;0.889994164
22/02/2031;0.889949718
23/02/2031;0.889905274
24/02/2031;0.889860833
25/02/2031;0.889816394
26/02/2031;0.889771957
27/02/2031;0.889727523
28/02/2031;0.88968309
01/03/2031;0.88963866
02/03/2031;0.889594232
03/03/2031;0.889549806
04/03/2031;0.889505383
05/03/2031;0.889460962
06/03/2031;0.889416543
07/03/2031;0.889372126
08/03/2031;0.889327711
09/03/2031;0.889283299
10/03/2031;0.889238888
11/03/2031;0.88919448
12/03/2031;0.889150075
13/03/2031;0.889105671
14/03/2031;0.88906127
15/03/2031;0.889016871
16/03/2031;0.888972474
17/03/2031;0.888928079
18/03/2031;0.888883687
19/03/2031;0.888839296
20/03/2031;0.888794908
21/03/2031;0.888750523
22/03/2031;0.888706139
23/03/2031;0.888661758
24/03/2031;0.888617378
25/03/2031;0.888573001
26/03/2031;0.888528627
27/03/2031;0.888484254
28/03/2031;0.888439884
29/03/2031;0.888395516
30/03/2031;0.88835115
31/03/2031;0.888306786
01/04/2031;0.888262425
02/04/2031;0.888218066
03/04/2031;0.888173709
04/04/2031;0.888129354
05/04/2031;0.888085001
06/04/2031;0.888040651
07/04/2031;0.887996303
08/04/2031;0.887951957
09/04/2031;0.887907613
10/04/2031;0.887863272
11/04/2031;0.887818932
12/04/2031;0.887774595
13/04/2031;0.88773026
14/04/2031;0.887685928
15/04/2031;0.887641597
16/04/2031;0.887597269
17/04/2031;0.887552943
18/04/2031;0.887508619
19/04/2031;0.887464298
20/04/2031;0.887419978
21/04/2031;0.887375661
22/04/2031;0.887331346
23/04/2031;0.887287034
24/04/2031;0.887242723
25/04/2031;0.887198415
26/04/2031;0.887154109
27/04/2031;0.887109805
28/04/2031;0.887065503
29/04/2031;0.887021204
30/04/2031;0.886976906
01/05/2031;0.886932611
02/05/2031;0.886888319
03/05/2031;0.886844028
04/05/2031;0.88679974
05/05/2031;0.886755453
06/05/2031;0.886711169
07/05/2031;0.886666888
08/05/2031;0.886622608
09/05/2031;0.886578331
10/05/2031;0.886534056
11/05/2031;0.886489783
12/05/2031;0.886445512
13/05/2031;0.886401244
14/05/2031;0.886356977
15/05/2031;0.886312713
16/05/2031;0.886268451
17/05/2031;0.886224192
18/05/2031;0.886179934
19/05/2031;0.886135679
20/05/2031;0.886091426
21/05/2031;0.886047175
22/05/2031;0.886002927
23/05/2031;0.88595868
24/05/2031;0.885914436
25/05/2031;0.885870194
26/05/2031;0.885825954
27/05/2031;0.885781717
28/05/2031;0.885737482
29/05/2031;0.885693248
30/05/2031;0.885649017
31/05/2031;0.885604789
01/06/2031;0.885560562
02/06/2031;0.885516338
03/06/2031;0.885472116
04/06/2031;0.885427896
05/06/2031;0.885383678
06/06/2031;0.885339463
07/06/2031;0.88529525
08/06/2031;0.885251039
09/06/2031;0.88520683
10/06/2031;0.885162623
11/06/2031;0.885118419
12/06/2031;0.885074217
13/06/2031;0.885030016
14/06/2031;0.884985819
15/06/2031;0.884941623
16/06/2031;0.88489743
17/06/2031;0.884853239
18/06/2031;0.88480905
19/06/2031;0.884764863
20/06/2031;0.884720678
21/06/2031;0.884676496
22/06/2031;0.884632316
23/06/2031;0.884588138
24/06/2031;0.884543962
25/06/2031;0.884499789
26/06/2031;0.884455617
27/06/2031;0.884411448
28/06/2031;0.884367281
29/06/2031;0.884323117
30/06/2031;0.884278954
01/07/2031;0.884234794
02/07/2031;0.884190636
03/07/2031;0.88414648
04/07/2031;0.884102326
05/07/2031;0.884058175
06/07/2031;0.884014025
07/07/2031;0.883969878
08/07/2031;0.883925733
09/07/2031;0.883881591
10/07/2031;0.88383745
11/07/2031;0.883793312
12/07/2031;0.883749176
13/07/2031;0.883705042
14/07/2031;0.883660911
15/07/2031;0.883616781
16/07/2031;0.883572654
17/07/2031;0.883528529
18/07/2031;0.883484406
19/07/2031;0.883440286
20/07/2031;0.883396167
21/07/2031;0.883352051
22/07/2031;0.883307937
23/07/2031;0.883263825
24/07/2031;0.883219716
25/07/2031;0.883175608
26/07/2031;0.883131503
27/07/2031;0.8830874
28/07/2031;0.883043299
29/07/2031;0.882999201
30/07/2031;0.882955104
31/07/2031;0.88291101
01/08/2031;0.882866918
02/08/2031;0.882822828
03/08/2031;0.882778741
04/08/2031;0.882734655