Dates,DOM_DFs,FOR_DFs
05/08/2021,1,1
06/08/2021,0.999850448,0.999998639
09/08/2021,0.999374515,0.999994556
10/08/2021,0.999215921,0.999993195
11/08/2021,0.999057353,0.999991833
12/08/2021,0.998898809,0.999990472
13/08/2021,0.998740291,0.999989111
16/08/2021,0.998241597,0.999985028
17/08/2021,0.998075421,0.999983667
18/08/2021,0.997909272,0.999982306
19/08/2021,0.997743128,0.999980921
20/08/2021,0.997577012,0.999979537
23/08/2021,0.997078829,0.999975384
24/08/2021,0.996912823,0.999973999
25/08/2021,0.996746845,0.999972615
26/08/2021,0.996580904,0.99997124
27/08/2021,0.99641499,0.999969865
31/08/2021,0.995751612,0.999964365
01/09/2021,0.995585837,0.99996299
02/09/2021,0.995420081,0.999961608
03/09/2021,0.995254354,0.999960226
06/09/2021,0.994757337,0.999956079
07/09/2021,0.99459172,0.999954697
08/09/2021,0.994420917,0.999953315
09/09/2021,0.994250142,0.999951933
10/09/2021,0.994079398,0.999950551
13/09/2021,0.993567339,0.999946404
14/09/2021,0.993396537,0.99994503
15/09/2021,0.993225765,0.999943656
16/09/2021,0.993055021,0.999942283
17/09/2021,0.992884308,0.999940909
20/09/2021,0.992372342,0.999936787
21/09/2021,0.992201745,0.999935414
22/09/2021,0.992031178,0.99993404
23/09/2021,0.99186064,0.999932666
24/09/2021,0.991690131,0.999931292
27/09/2021,0.991178781,0.999927171
28/09/2021,0.99100839,0.999925797
29/09/2021,0.990838028,0.999924423
30/09/2021,0.990667695,0.999923049
01/10/2021,0.990497391,0.999921675
04/10/2021,0.989986656,0.999917554
05/10/2021,0.98981647,0.99991618
06/10/2021,0.989646312,0.999914807
07/10/2021,0.989471677,0.999913433
08/10/2021,0.989297071,0.999912059
11/10/2021,0.988773441,0.999907938
12/10/2021,0.988598959,0.999906564
13/10/2021,0.988424508,0.99990519
14/10/2021,0.988250088,0.999903816
15/10/2021,0.988075513,0.999902441
18/10/2021,0.987551973,0.999898317
19/10/2021,0.987377521,0.999896942
20/10/2021,0.9872031,0.999895568
21/10/2021,0.98702871,0.999894193
22/10/2021,0.986854351,0.999892818
25/10/2021,0.986331458,0.999888694
26/10/2021,0.986157222,0.999887319
27/10/2021,0.985983016,0.999885944
28/10/2021,0.985808842,0.999884569
29/10/2021,0.985634698,0.999883195
01/11/2021,0.985112451,0.99987907
02/11/2021,0.984938431,0.999877696
03/11/2021,0.984764441,0.999876321
04/11/2021,0.984590481,0.999874946
05/11/2021,0.984416553,0.999873571
08/11/2021,0.983894952,0.999869447
09/11/2021,0.983717844,0.999868072
10/11/2021,0.983540768,0.999866698
11/11/2021,0.983363724,0.999865323
12/11/2021,0.983186712,0.999863948
15/11/2021,0.982655647,0.99986005
16/11/2021,0.982478689,0.999858751
17/11/2021,0.982301762,0.999857452
18/11/2021,0.982124868,0.999856152
19/11/2021,0.981948006,0.999854853
22/11/2021,0.981417609,0.999850955
23/11/2021,0.981240874,0.999849656
24/11/2021,0.981064171,0.999848356
25/11/2021,0.980887499,0.999847057
26/11/2021,0.98071086,0.999845758
29/11/2021,0.980181132,0.99984186
30/11/2021,0.980004619,0.999840561
01/12/2021,0.979828139,0.999839261
02/12/2021,0.97965169,0.999837962
03/12/2021,0.979475273,0.999836663
06/12/2021,0.978946212,0.999832765
07/12/2021,0.978769922,0.999831466
08/12/2021,0.978593663,0.999830167
09/12/2021,0.978417437,0.999828867
10/12/2021,0.978241242,0.999827568
13/12/2021,0.977712848,0.99982367
14/12/2021,0.977536927,0.999822365
15/12/2021,0.977361038,0.99982106
16/12/2021,0.97718518,0.999819755
17/12/2021,0.977009354,0.99981845
20/12/2021,0.976482066,0.999814534
21/12/2021,0.976306366,0.999813229
22/12/2021,0.976130698,0.999811924
23/12/2021,0.975955062,0.999810619
24/12/2021,0.975779457,0.999809314
29/12/2021,0.974901908,0.999802789
30/12/2021,0.974726493,0.999801483
31/12/2021,0.974551109,0.999800178
04/01/2022,0.97384989,0.999794958
05/01/2022,0.973674664,0.999793653
06/01/2022,0.97349947,0.999792348
07/01/2022,0.973324307,0.999791043
10/01/2022,0.972799008,0.999787128
11/01/2022,0.972623971,0.999785822
12/01/2022,0.972448965,0.999784517
13/01/2022,0.972273914,0.999783223
14/01/2022,0.972098894,0.999781928
17/01/2022,0.971574023,0.999778043
18/01/2022,0.971399129,0.999776748
19/01/2022,0.971224266,0.999775453
20/01/2022,0.971049435,0.999774159
21/01/2022,0.970874636,0.999772864
24/01/2022,0.970350426,0.999768979
25/01/2022,0.970175752,0.999767684
26/01/2022,0.970001109,0.99976639
27/01/2022,0.969826499,0.999765095
28/01/2022,0.969651919,0.9997638
31/01/2022,0.969128369,0.999759915
01/02/2022,0.968953915,0.999758621
02/02/2022,0.968779493,0.999757326
03/02/2022,0.968605102,0.999756031
04/02/2022,0.968430743,0.999754736
07/02/2022,0.967907852,0.999750852
08/02/2022,0.967732606,0.999749557
09/02/2022,0.967557392,0.999748262
10/02/2022,0.967382209,0.999746967
11/02/2022,0.967207058,0.999745672
14/02/2022,0.96668173,0.99974192
15/02/2022,0.966506684,0.999740669
16/02/2022,0.966331669,0.999739418
17/02/2022,0.966156687,0.999738167
18/02/2022,0.965981736,0.999736916
21/02/2022,0.965457073,0.999733163
22/02/2022,0.965282249,0.999731912
23/02/2022,0.965107456,0.999730661
24/02/2022,0.964932695,0.99972941
25/02/2022,0.964757966,0.999728159
28/02/2022,0.964233967,0.999724406
01/03/2022,0.964059365,0.999723155
02/03/2022,0.963884793,0.999721904
03/03/2022,0.963710254,0.999720653
04/03/2022,0.963535746,0.999719402
07/03/2022,0.963012411,0.999715649
08/03/2022,0.96283803,0.999714398
09/03/2022,0.96266368,0.999713147
10/03/2022,0.962489361,0.999711897
11/03/2022,0.962315074,0.999710646
14/03/2022,0.961793504,0.999706782
15/03/2022,0.96161971,0.999705494
16/03/2022,0.961445947,0.999704206
17/03/2022,0.961272216,0.999702917
18/03/2022,0.961098516,0.999701629
21/03/2022,0.960577604,0.999697765
22/03/2022,0.96040403,0.999696477
23/03/2022,0.960230487,0.999695189
24/03/2022,0.960056975,0.999693901
25/03/2022,0.959883495,0.999692613
28/03/2022,0.959363242,0.99968875
29/03/2022,0.959189887,0.999687462
30/03/2022,0.959016563,0.999686174
31/03/2022,0.958843271,0.999684886
01/04/2022,0.95867001,0.999683598
04/04/2022,0.958150415,0.999679734
05/04/2022,0.957977279,0.999678446
06/04/2022,0.957804175,0.999677158
07/04/2022,0.957631101,0.99967587
08/04/2022,0.957458059,0.999674582
11/04/2022,0.956939121,0.999670718
12/04/2022,0.956766204,0.99966943
13/04/2022,0.956593319,0.999668142
14/04/2022,0.956420164,0.99966676
19/04/2022,0.955554861,0.999659849
20/04/2022,0.955381894,0.999658467
21/04/2022,0.955208959,0.999657084
22/04/2022,0.955036055,0.999655702
25/04/2022,0.954517531,0.999651556
26/04/2022,0.954344752,0.999650174
27/04/2022,0.954172004,0.999648791
28/04/2022,0.953999288,0.999647409
29/04/2022,0.953826603,0.999646027
03/05/2022,0.953136175,0.999640498
04/05/2022,0.952963647,0.999639116
05/05/2022,0.952791149,0.999637734
06/05/2022,0.952618683,0.999636352
09/05/2022,0.952121276,0.999632206
10/05/2022,0.951955532,0.999630823
11/05/2022,0.951789817,0.999629441
12/05/2022,0.951623925,0.999627827
13/05/2022,0.951458063,0.999626213
16/05/2022,0.950960648,0.999621372
17/05/2022,0.950794901,0.999619758
18/05/2022,0.950629183,0.999618144
19/05/2022,0.950463494,0.99961653
20/05/2022,0.950297834,0.999614916
23/05/2022,0.949801026,0.999610074
24/05/2022,0.949635481,0.999608461
25/05/2022,0.949469965,0.999606847
26/05/2022,0.949304478,0.999605233
27/05/2022,0.94913902,0.999603619
30/05/2022,0.948642818,0.999598777
31/05/2022,0.948477475,0.999597163
01/06/2022,0.948312161,0.99959555
06/06/2022,0.947486022,0.99958748
07/06/2022,0.947320881,0.999585866
08/06/2022,0.947155768,0.999584253
09/06/2022,0.946990685,0.999582639
10/06/2022,0.94682563,0.999581025
13/06/2022,0.946330637,0.999576183
14/06/2022,0.94616626,0.999574167
15/06/2022,0.946001911,0.99957215
16/06/2022,0.945837591,0.999570133
17/06/2022,0.945673299,0.999568117
20/06/2022,0.945180596,0.999562066
21/06/2022,0.945016418,0.99956005
22/06/2022,0.944852269,0.999558033
23/06/2022,0.944688149,0.999556016
24/06/2022,0.944524057,0.999554
27/06/2022,0.944031952,0.99954795
28/06/2022,0.943867974,0.999545933
29/06/2022,0.943704025,0.999543917
30/06/2022,0.943540104,0.9995419
01/07/2022,0.943376211,0.999539883
04/07/2022,0.942884704,0.999533833
05/07/2022,0.942720925,0.999531817
06/07/2022,0.942557175,0.9995298
07/07/2022,0.942393453,0.999527784
08/07/2022,0.94222976,0.999525767
11/07/2022,0.94173885,0.999519717
12/07/2022,0.941575271,0.999517701
13/07/2022,0.94141172,0.999515684
14/07/2022,0.941247634,0.999513303
15/07/2022,0.941083577,0.999510923
18/07/2022,0.940591578,0.999503781
19/07/2022,0.940427636,0.9995014
20/07/2022,0.940263722,0.99949902
21/07/2022,0.940099837,0.999496639
22/07/2022,0.93993598,0.999494259
25/07/2022,0.939444581,0.999487117
26/07/2022,0.939280838,0.999484736
27/07/2022,0.939117124,0.999482356
28/07/2022,0.938953439,0.999479975
29/07/2022,0.938789782,0.999477595
01/08/2022,0.938298982,0.999470453
02/08/2022,0.938135439,0.999468073
03/08/2022,0.937971925,0.999465692
04/08/2022,0.937808439,0.999463312
05/08/2022,0.937644982,0.999460931
08/08/2022,0.93715478,0.99945379
09/08/2022,0.936991437,0.999451409
10/08/2022,0.936828122,0.999449029
11/08/2022,0.936664835,0.999446648
12/08/2022,0.93650572,0.999441897
15/08/2022,0.936028535,0.999427644
16/08/2022,0.935869527,0.999422893
17/08/2022,0.935710547,0.999418142
18/08/2022,0.935551593,0.999413391
19/08/2022,0.935392667,0.999408641
22/08/2022,0.934916049,0.999394388
23/08/2022,0.934757231,0.999389637
24/08/2022,0.934598439,0.999384886
25/08/2022,0.934439674,0.999380136
26/08/2022,0.934280937,0.999375385
30/08/2022,0.933646256,0.999356382
31/08/2022,0.933487653,0.999351632
01/09/2022,0.933329077,0.999346881
02/09/2022,0.933170528,0.99934213
05/09/2022,0.932695043,0.999327879
06/09/2022,0.932536601,0.999323128
07/09/2022,0.932378187,0.999318378
08/09/2022,0.9322198,0.999313627
09/09/2022,0.932061439,0.999308877
12/09/2022,0.931586519,0.999294626
13/09/2022,0.931428266,0.999289876
14/09/2022,0.93127004,0.999285125
15/09/2022,0.931111841,0.999280375
16/09/2022,0.930953668,0.999275625
20/09/2022,0.930321248,0.999256624
21/09/2022,0.93016321,0.999251874
22/09/2022,0.930005198,0.999247124
23/09/2022,0.929847214,0.999242373
26/09/2022,0.929373422,0.999228123
27/09/2022,0.929215545,0.999223373
28/09/2022,0.929057695,0.999218623
29/09/2022,0.928899871,0.999213873
30/09/2022,0.928742075,0.999209123
03/10/2022,0.928268846,0.999194874
04/10/2022,0.928111157,0.999190124
05/10/2022,0.927953494,0.999185374
06/10/2022,0.927795858,0.999180624
07/10/2022,0.927638249,0.999175874
10/10/2022,0.927165583,0.999161625
11/10/2022,0.927008081,0.999156875
12/10/2022,0.926850606,0.999152126
13/10/2022,0.926693157,0.999147376
14/10/2022,0.926535735,0.999142626
17/10/2022,0.926063631,0.999128378
18/10/2022,0.925906316,0.999123628
19/10/2022,0.925749028,0.999118879
20/10/2022,0.925591767,0.999114129
21/10/2022,0.925434532,0.99910938
24/10/2022,0.924962988,0.999095131
25/10/2022,0.924805861,0.999090382
26/10/2022,0.92464876,0.999085633
27/10/2022,0.924491685,0.999080883
28/10/2022,0.924334637,0.999076134
31/10/2022,0.923863654,0.999061886
01/11/2022,0.923706713,0.999057137
02/11/2022,0.923549799,0.999052388
03/11/2022,0.923392911,0.999047639
04/11/2022,0.92323605,0.999042889
07/11/2022,0.922765627,0.999028642
08/11/2022,0.922608872,0.999023893
09/11/2022,0.922452144,0.999019144
10/11/2022,0.922295443,0.999014395
11/11/2022,0.922138768,0.999009646
14/11/2022,0.921668904,0.998995399
15/11/2022,0.921512336,0.99899065
16/11/2022,0.921355794,0.998985901
17/11/2022,0.921199279,0.998981152
18/11/2022,0.921042791,0.998976404
21/11/2022,0.920573485,0.998962157
22/11/2022,0.920417103,0.998957409
23/11/2022,0.920260747,0.99895266
24/11/2022,0.920104418,0.998947911
25/11/2022,0.919948116,0.998943162
28/11/2022,0.919479368,0.998928916
29/11/2022,0.919323172,0.998924168
30/11/2022,0.919167002,0.998919419
01/12/2022,0.919010859,0.998914671
02/12/2022,0.918854742,0.998909922
05/12/2022,0.918386551,0.998895677
06/12/2022,0.91823054,0.998890928
07/12/2022,0.918074556,0.99888618
08/12/2022,0.917918599,0.998881432
09/12/2022,0.917762668,0.998876683
12/12/2022,0.917295033,0.998862438
13/12/2022,0.917139208,0.99885769
14/12/2022,0.916983409,0.998852942
15/12/2022,0.916827637,0.998848193
16/12/2022,0.916671891,0.998843445
19/12/2022,0.916204812,0.998829201
20/12/2022,0.916049172,0.998824453
21/12/2022,0.915893559,0.998819705
22/12/2022,0.915737972,0.998814956
23/12/2022,0.915582411,0.998810208
28/12/2022,0.914805004,0.998786469
29/12/2022,0.914649602,0.998781721
30/12/2022,0.914494226,0.998776973
03/01/2023,0.913872986,0.998757981
04/01/2023,0.913717743,0.998753234
05/01/2023,0.913562525,0.998748486
06/01/2023,0.913407334,0.998743738
09/01/2023,0.912941919,0.998729495
10/01/2023,0.912786833,0.998724747
11/01/2023,0.912631774,0.99872
12/01/2023,0.912476741,0.998715252
13/01/2023,0.912321734,0.998710505
16/01/2023,0.911856872,0.998696262
17/01/2023,0.91170197,0.998691515
18/01/2023,0.911547095,0.998686767
19/01/2023,0.911392246,0.99868202
20/01/2023,0.911237424,0.998677272
23/01/2023,0.910773114,0.99866303
24/01/2023,0.910618397,0.998658283
25/01/2023,0.910463706,0.998653535
26/01/2023,0.910309041,0.998648788
27/01/2023,0.910154403,0.998644041
30/01/2023,0.909690645,0.998629799
31/01/2023,0.909536112,0.998625052
01/02/2023,0.909381605,0.998620305
02/02/2023,0.909227124,0.998615558
03/02/2023,0.909072669,0.998610811
06/02/2023,0.908609462,0.99859657
07/02/2023,0.908455113,0.998591823
08/02/2023,0.908300789,0.998587076
09/02/2023,0.908146492,0.998582329
10/02/2023,0.908005467,0.998577582
13/02/2023,0.907582523,0.998563341
14/02/2023,0.90744171,0.998553179
15/02/2023,0.907300919,0.998543018
16/02/2023,0.90716015,0.998532856
17/02/2023,0.907019402,0.998522695
20/02/2023,0.906597291,0.998492212
21/02/2023,0.906456631,0.998482051
22/02/2023,0.906315993,0.99847189
23/02/2023,0.906175376,0.99846173
24/02/2023,0.906034782,0.998451569
27/02/2023,0.905613129,0.998421088
28/02/2023,0.905472622,0.998410928
01/03/2023,0.905332136,0.998400768
02/03/2023,0.905191672,0.998390608
03/03/2023,0.90505123,0.998380448
06/03/2023,0.904630035,0.998349969
07/03/2023,0.90448968,0.99833981
08/03/2023,0.904349347,0.998329651
09/03/2023,0.904209036,0.998319491
10/03/2023,0.904068746,0.998309332
13/03/2023,0.903648008,0.998278856
14/03/2023,0.903507806,0.998268697
15/03/2023,0.903367625,0.998258538
16/03/2023,0.903227466,0.99824838
17/03/2023,0.903087329,0.998238221
20/03/2023,0.902667048,0.998207747
21/03/2023,0.902526998,0.998197589
22/03/2023,0.902386969,0.998187431
23/03/2023,0.902246962,0.998177273
24/03/2023,0.902106977,0.998167116
27/03/2023,0.901687152,0.998136643
28/03/2023,0.901547254,0.998126486
29/03/2023,0.901407377,0.998116329
30/03/2023,0.901267522,0.998106172
31/03/2023,0.901127689,0.998096015
03/04/2023,0.90070832,0.998065545
04/04/2023,0.900568574,0.998055388
05/04/2023,0.900428849,0.998045232
06/04/2023,0.900289146,0.998035076
11/04/2023,0.899590956,0.997984295
12/04/2023,0.899451383,0.99797414
13/04/2023,0.899311832,0.997963984
14/04/2023,0.899172302,0.997953829
17/04/2023,0.898753843,0.997923363
18/04/2023,0.8986144,0.997913208
19/04/2023,0.898474978,0.997903053
20/04/2023,0.898335578,0.997892898
21/04/2023,0.8981962,0.997882743
24/04/2023,0.897778195,0.99785228
25/04/2023,0.897638903,0.997842125
26/04/2023,0.897499633,0.997831971
27/04/2023,0.897360384,0.997821817
28/04/2023,0.897221158,0.997811663
02/05/2023,0.896664466,0.997771048
03/05/2023,0.896525347,0.997760894
04/05/2023,0.896386249,0.997750741
05/05/2023,0.896247174,0.997740587
09/05/2023,0.895691086,0.997699975
10/05/2023,0.895552118,0.997689822
11/05/2023,0.895413172,0.99767967
12/05/2023,0.895274247,0.997669517
15/05/2023,0.894857602,0.99763906
16/05/2023,0.894718763,0.997628908
17/05/2023,0.894579946,0.997618756
18/05/2023,0.894441151,0.997608604
19/05/2023,0.894302377,0.997598452
22/05/2023,0.893886184,0.997567997
23/05/2023,0.893747496,0.997557845
24/05/2023,0.893608829,0.997547694
25/05/2023,0.893470185,0.997537543
26/05/2023,0.893331561,0.997527392
30/05/2023,0.892777283,0.997486788
31/05/2023,0.892638767,0.997476637
01/06/2023,0.892500273,0.997466487
02/06/2023,0.8923618,0.997456336
05/06/2023,0.89194651,0.997425886
06/06/2023,0.891808123,0.997415736
07/06/2023,0.891669757,0.997405586
08/06/2023,0.891531413,0.997395436
09/06/2023,0.891393091,0.997385286
12/06/2023,0.890978252,0.997354838
13/06/2023,0.890840015,0.997344689
14/06/2023,0.8907018,0.997334539
15/06/2023,0.890563606,0.99732439
16/06/2023,0.890425434,0.997314241
19/06/2023,0.890011045,0.997283795
20/06/2023,0.889872958,0.997273646
21/06/2023,0.889734893,0.997263498
22/06/2023,0.889596849,0.99725335
23/06/2023,0.889458827,0.997243201
26/06/2023,0.889044888,0.997212757
27/06/2023,0.888906951,0.997202609
28/06/2023,0.888769036,0.997192462
29/06/2023,0.888631142,0.997182314
30/06/2023,0.888493269,0.997172166
03/07/2023,0.88807978,0.997141724
04/07/2023,0.887941993,0.997131577
05/07/2023,0.887804227,0.99712143
06/07/2023,0.887666483,0.997111283
07/07/2023,0.88752876,0.997101137
10/07/2023,0.88711572,0.997070697
11/07/2023,0.886978082,0.99706055
12/07/2023,0.886840466,0.997050404
13/07/2023,0.886702871,0.997040258
14/07/2023,0.886565298,0.997030112
17/07/2023,0.886152706,0.996999674
18/07/2023,0.886015218,0.996989528
19/07/2023,0.885877751,0.996979383
20/07/2023,0.885740306,0.996969237
21/07/2023,0.885602881,0.996959092
24/07/2023,0.885190737,0.996928657
25/07/2023,0.885053398,0.996918512
26/07/2023,0.884916081,0.996908367
27/07/2023,0.884778785,0.996898222
28/07/2023,0.88464151,0.996888077
31/07/2023,0.884229813,0.996857644
01/08/2023,0.884092623,0.9968475
02/08/2023,0.883955455,0.996837356
03/08/2023,0.883818308,0.996827212
04/08/2023,0.883681182,0.996817068
07/08/2023,0.883269932,0.996786637
08/08/2023,0.883132891,0.996776493
09/08/2023,0.882995872,0.99676635
10/08/2023,0.882858873,0.996756206
11/08/2023,0.882731493,0.996746063
14/08/2023,0.882349288,0.996692481
15/08/2023,0.882221923,0.996674621
16/08/2023,0.882094577,0.996656761
17/08/2023,0.881967249,0.996638902
18/08/2023,0.881839939,0.996621043
21/08/2023,0.881458121,0.996567468
22/08/2023,0.881330885,0.99654961
23/08/2023,0.881203667,0.996531752
24/08/2023,0.881076467,0.996513895
25/08/2023,0.880949286,0.996496038
29/08/2023,0.880440746,0.996424614
30/08/2023,0.880313656,0.996406759
31/08/2023,0.880186585,0.996388904
01/09/2023,0.880059533,0.996371049
04/09/2023,0.879678485,0.996317487
05/09/2023,0.879551506,0.996299634
06/09/2023,0.879424545,0.996281781
07/09/2023,0.879297602,0.996263928
08/09/2023,0.879170678,0.996246076
11/09/2023,0.878790015,0.996192521
12/09/2023,0.878663164,0.99617467
13/09/2023,0.878536331,0.996156819
14/09/2023,0.878409517,0.996138969
15/09/2023,0.878282721,0.996121118
18/09/2023,0.877902442,0.99606757
19/09/2023,0.87777572,0.996049721
20/09/2023,0.877649015,0.996031873
21/09/2023,0.877522329,0.996014024
22/09/2023,0.877395661,0.995996177
25/09/2023,0.877015766,0.995942635
26/09/2023,0.876889171,0.995924788
27/09/2023,0.876762595,0.995906942
28/09/2023,0.876636036,0.995889096
29/09/2023,0.876509496,0.99587125
02/10/2023,0.876129986,0.995817715
03/10/2023,0.876003519,0.995799871
04/10/2023,0.87587707,0.995782027
05/10/2023,0.875750639,0.995764183
06/10/2023,0.875624227,0.99574634
09/10/2023,0.8752451,0.995692811
10/10/2023,0.87511876,0.995674969
11/10/2023,0.874992439,0.995657127
12/10/2023,0.874866136,0.995639286
13/10/2023,0.874739852,0.995621445
16/10/2023,0.874361107,0.995567923
17/10/2023,0.874234896,0.995550083
18/10/2023,0.874108702,0.995532244
19/10/2023,0.873982527,0.995514404
20/10/2023,0.87385637,0.995496565
23/10/2023,0.873478008,0.995443051
24/10/2023,0.873351924,0.995425213
25/10/2023,0.873225858,0.995407376
26/10/2023,0.87309981,0.995389539
27/10/2023,0.87297378,0.995371702
30/10/2023,0.8725958,0.995318194
31/10/2023,0.872469843,0.995300358
01/11/2023,0.872343905,0.995282523
02/11/2023,0.872217984,0.995264688
03/11/2023,0.872092082,0.995246854
06/11/2023,0.871714484,0.995193352
07/11/2023,0.871588654,0.995175519
08/11/2023,0.871462843,0.995157686
09/11/2023,0.871337049,0.995139854
10/11/2023,0.871211274,0.995122022
13/11/2023,0.870834057,0.995068527
14/11/2023,0.870708355,0.995050696
15/11/2023,0.87058267,0.995032865
16/11/2023,0.870457004,0.995015035
17/11/2023,0.870331356,0.994997205
20/11/2023,0.86995452,0.994943717
21/11/2023,0.869828945,0.994925888
22/11/2023,0.869703387,0.99490806
23/11/2023,0.869577848,0.994890232
24/11/2023,0.869452327,0.994872404
27/11/2023,0.869075872,0.994818923
28/11/2023,0.868950423,0.994801096
29/11/2023,0.868824992,0.99478327
30/11/2023,0.868699579,0.994765444
01/12/2023,0.868574185,0.994747619
04/12/2023,0.86819811,0.994694144
05/12/2023,0.868072788,0.99467632
06/12/2023,0.867947484,0.994658496
07/12/2023,0.867822198,0.994640672
08/12/2023,0.86769693,0.994622849
11/12/2023,0.867321235,0.994569381
12/12/2023,0.86719604,0.994551559
13/12/2023,0.867070862,0.994533737
14/12/2023,0.866945703,0.994515916
15/12/2023,0.866820562,0.994498095
18/12/2023,0.866445246,0.994444634
19/12/2023,0.866320177,0.994426814
20/12/2023,0.866195126,0.994408995
21/12/2023,0.866070093,0.994391176
22/12/2023,0.865945078,0.994373357
27/12/2023,0.865320274,0.994284267
28/12/2023,0.865195367,0.994266451
29/12/2023,0.865070479,0.994248634
02/01/2024,0.864571104,0.994177371
03/01/2024,0.864446306,0.994159556
04/01/2024,0.864321525,0.994141741
05/01/2024,0.864196763,0.994123927
08/01/2024,0.863822583,0.994070486
09/01/2024,0.863697893,0.994052673
10/01/2024,0.86357322,0.99403486
11/01/2024,0.863448566,0.994017048
12/01/2024,0.863323929,0.993999235
15/01/2024,0.862950128,0.993945801
16/01/2024,0.862825563,0.99392799
17/01/2024,0.862701016,0.99391018
18/01/2024,0.862576488,0.99389237
19/01/2024,0.862451977,0.99387456
22/01/2024,0.862078553,0.993821132
23/01/2024,0.861954114,0.993803323
24/01/2024,0.861829694,0.993785515
25/01/2024,0.861705291,0.993767707
26/01/2024,0.861580906,0.9937499
29/01/2024,0.861207859,0.993696479
30/01/2024,0.861083546,0.993678672
31/01/2024,0.860959251,0.993660866
01/02/2024,0.860834974,0.99364306
02/02/2024,0.860710714,0.993625255
05/02/2024,0.860338044,0.993571841
06/02/2024,0.860213857,0.993554037
07/02/2024,0.860089687,0.993536233
08/02/2024,0.859965536,0.993518429
09/02/2024,0.859841402,0.993500626
12/02/2024,0.859469108,0.993447219
13/02/2024,0.859345046,0.993429417
14/02/2024,0.859221002,0.993411615
15/02/2024,0.859096976,0.993393814
16/02/2024,0.858972967,0.993376013
19/02/2024,0.858601049,0.993322612
20/02/2024,0.858477113,0.993304812
21/02/2024,0.858353194,0.993287013
22/02/2024,0.858229293,0.993269214
23/02/2024,0.85810541,0.993251415
26/02/2024,0.857733868,0.993198021
27/02/2024,0.857610056,0.993180224
28/02/2024,0.857486262,0.993162427
29/02/2024,0.857362486,0.99314463
01/03/2024,0.857238728,0.993126833
04/03/2024,0.856867561,0.993073446
05/03/2024,0.856743875,0.993055651
06/03/2024,0.856620206,0.993037856
07/03/2024,0.856496555,0.993020061
08/03/2024,0.856372922,0.993002267
11/03/2024,0.85600213,0.992948886
12/03/2024,0.855878569,0.992931093
13/03/2024,0.855755025,0.9929133
14/03/2024,0.855631499,0.992895508
15/03/2024,0.855507991,0.992877716
18/03/2024,0.855137573,0.992824342
19/03/2024,0.855014137,0.992806551
20/03/2024,0.854890718,0.992788761
21/03/2024,0.854767316,0.992770971
22/03/2024,0.854643933,0.992753181
25/03/2024,0.85427389,0.992699814
26/03/2024,0.854150577,0.992682025
27/03/2024,0.854027283,0.992664237
28/03/2024,0.853904006,0.992646449
02/04/2024,0.853287891,0.992557515
03/04/2024,0.853164721,0.992539729
04/04/2024,0.853041569,0.992521943
05/04/2024,0.852918434,0.992504158
08/04/2024,0.852549138,0.992450804
09/04/2024,0.852426075,0.99243302
10/04/2024,0.852303029,0.992415236
11/04/2024,0.852180002,0.992397452
12/04/2024,0.852056992,0.992379669
15/04/2024,0.851688069,0.992326322
16/04/2024,0.85156513,0.99230854
17/04/2024,0.851442208,0.992290759
18/04/2024,0.851319305,0.992272978
19/04/2024,0.851196419,0.992255197
22/04/2024,0.850827869,0.992201856
23/04/2024,0.850705054,0.992184077
24/04/2024,0.850582257,0.992166297
25/04/2024,0.850459478,0.992148518
26/04/2024,0.850336716,0.99213074
29/04/2024,0.849968538,0.992077406
30/04/2024,0.849845847,0.992059628
01/05/2024,0.849723174,0.992041851
02/05/2024,0.849600519,0.992024075
03/05/2024,0.849477881,0.992006298
07/05/2024,0.848987508,0.991935196
08/05/2024,0.848864959,0.991917421
09/05/2024,0.848742427,0.991899647
10/05/2024,0.848619914,0.991881872
13/05/2024,0.848252479,0.991828552
14/05/2024,0.848130036,0.991810779
15/05/2024,0.84800761,0.991793006
16/05/2024,0.847885203,0.991775234
17/05/2024,0.847762813,0.991757462
20/05/2024,0.847395749,0.991704148
21/05/2024,0.847273429,0.991686378
22/05/2024,0.847151128,0.991668607
23/05/2024,0.847028844,0.991650837
24/05/2024,0.846906577,0.991633068
28/05/2024,0.846417688,0.991561992
29/05/2024,0.84629551,0.991544224
30/05/2024,0.84617335,0.991526456
31/05/2024,0.846051207,0.991508689
03/06/2024,0.845684884,0.991455388
04/06/2024,0.845562812,0.991437622
05/06/2024,0.845440757,0.991419856
06/06/2024,0.84531872,0.99140209
07/06/2024,0.8451967,0.991384325
10/06/2024,0.844830747,0.991331031
11/06/2024,0.844708798,0.991313267
12/06/2024,0.844586867,0.991295504
13/06/2024,0.844464953,0.99127774
14/06/2024,0.844343057,0.991259977
17/06/2024,0.843977473,0.99120669
18/06/2024,0.843855647,0.991188928
19/06/2024,0.843733839,0.991171167
20/06/2024,0.843612048,0.991153406
21/06/2024,0.843490275,0.991135645
24/06/2024,0.843125061,0.991082365
25/06/2024,0.843003358,0.991064605
26/06/2024,0.842881673,0.991046846
27/06/2024,0.842760005,0.991029087
28/06/2024,0.842638355,0.991011329
01/07/2024,0.84227351,0.990958055
02/07/2024,0.84215193,0.990940297
03/07/2024,0.842030368,0.990922541
04/07/2024,0.841908823,0.990904784
05/07/2024,0.841787295,0.990887028
08/07/2024,0.841422819,0.99083376
09/07/2024,0.841301362,0.990816005
10/07/2024,0.841179922,0.990798251
11/07/2024,0.8410585,0.990780496
12/07/2024,0.840937095,0.990762742
15/07/2024,0.840572987,0.990709482
16/07/2024,0.840451652,0.990691729
17/07/2024,0.840330335,0.990673976
18/07/2024,0.840209036,0.990656224
19/07/2024,0.840087754,0.990638472
22/07/2024,0.839724013,0.990585219
23/07/2024,0.839602801,0.990567468
24/07/2024,0.839481607,0.990549718
25/07/2024,0.83936043,0.990531968
26/07/2024,0.83923927,0.990514218
29/07/2024,0.838875897,0.990460971
30/07/2024,0.838754807,0.990443223
31/07/2024,0.838633735,0.990425475
01/08/2024,0.838512681,0.990407727
02/08/2024,0.838391644,0.990389979
05/08/2024,0.838028637,0.990336739
06/08/2024,0.83790767,0.990318993
07/08/2024,0.83778672,0.990301247
08/08/2024,0.837665788,0.990283501
09/08/2024,0.837544873,0.990265756
12/08/2024,0.837182233,0.990212523
13/08/2024,0.837069738,0.990194779
14/08/2024,0.836957542,0.990168943
15/08/2024,0.83684536,0.990143109
16/08/2024,0.836733194,0.990117275
19/08/2024,0.836396785,0.990039778
20/08/2024,0.836284678,0.990013947
21/08/2024,0.836172587,0.989988116
22/08/2024,0.836060511,0.989962287
23/08/2024,0.83594845,0.989936458
27/08/2024,0.835500355,0.989833148
28/08/2024,0.835388369,0.989807322
29/08/2024,0.835276398,0.989781497
30/08/2024,0.835164442,0.989755673
02/09/2024,0.834828663,0.989678204
03/09/2024,0.834716767,0.989652382
04/09/2024,0.834604886,0.989626561
05/09/2024,0.83449302,0.989600741
06/09/2024,0.834381169,0.989574921
09/09/2024,0.834045705,0.989497467
10/09/2024,0.833933914,0.98947165
11/09/2024,0.833822138,0.989445833
12/09/2024,0.833710377,0.989420018
13/09/2024,0.833598631,0.989394203
16/09/2024,0.833263482,0.989316762
17/09/2024,0.833151796,0.98929095
18/09/2024,0.833040124,0.989265138
19/09/2024,0.832928468,0.989239327
20/09/2024,0.832816826,0.989213517
23/09/2024,0.832481992,0.989136091
24/09/2024,0.83237041,0.989110283
25/09/2024,0.832258844,0.989084476
26/09/2024,0.832147292,0.98905867
27/09/2024,0.832035755,0.989032865
30/09/2024,0.831701235,0.988955452
01/10/2024,0.831589758,0.988929649
02/10/2024,0.831478296,0.988903847
03/10/2024,0.831366849,0.988878046
04/10/2024,0.831255417,0.988852245
07/10/2024,0.83092121,0.988774847
08/10/2024,0.830809838,0.988749049
09/10/2024,0.83069848,0.988723251
10/10/2024,0.830587138,0.988697455
11/10/2024,0.83047581,0.988671659
14/10/2024,0.830141917,0.988594274
15/10/2024,0.830030649,0.988568481
16/10/2024,0.829919396,0.988542688
17/10/2024,0.829808158,0.988516896
18/10/2024,0.829696935,0.988491105
21/10/2024,0.829363355,0.988413735
22/10/2024,0.829252191,0.988387946
23/10/2024,0.829141043,0.988362158
24/10/2024,0.829029909,0.988336371
25/10/2024,0.82891879,0.988310584
28/10/2024,0.828585523,0.988233228
29/10/2024,0.828474463,0.988207444
30/10/2024,0.828363419,0.988181661
31/10/2024,0.828252389,0.988155879
01/11/2024,0.828141375,0.988130097
04/11/2024,0.82780842,0.988052755
05/11/2024,0.827697465,0.988026976
06/11/2024,0.827586525,0.988001197
07/11/2024,0.827475599,0.987975419
08/11/2024,0.827364689,0.987949642
11/11/2024,0.827032046,0.987872314
12/11/2024,0.826921195,0.98784654
13/11/2024,0.826810359,0.987820766
14/11/2024,0.826699538,0.987794993
15/11/2024,0.826588731,0.98776922
18/11/2024,0.826256401,0.987691907
19/11/2024,0.826145653,0.987666137
20/11/2024,0.826034921,0.987640368
21/11/2024,0.825924204,0.987614599
22/11/2024,0.825813501,0.987588831
25/11/2024,0.825481482,0.987511532
26/11/2024,0.825370839,0.987485767
27/11/2024,0.825260211,0.987460002
28/11/2024,0.825149597,0.987434239
29/11/2024,0.825038998,0.987408475
02/12/2024,0.824707291,0.98733119
03/12/2024,0.824596751,0.98730543
04/12/2024,0.824486227,0.98727967
05/12/2024,0.824375717,0.987253911
06/12/2024,0.824265222,0.987228152
09/12/2024,0.823933826,0.987150881
10/12/2024,0.82382339,0.987125126
11/12/2024,0.823712969,0.987099371
12/12/2024,0.823602562,0.987073616
13/12/2024,0.823492171,0.987047862
16/12/2024,0.823161086,0.986970605
17/12/2024,0.823050753,0.986944854
18/12/2024,0.822940436,0.986919104
19/12/2024,0.822830133,0.986893354
20/12/2024,0.822719845,0.986867605
23/12/2024,0.82238907,0.986790362
24/12/2024,0.822278842,0.986764616
27/12/2024,0.821948244,0.986687381
30/12/2024,0.821617779,0.986610152
31/12/2024,0.821507654,0.986584411
02/01/2025,0.821287447,0.98653293
03/01/2025,0.821177366,0.98650719
06/01/2025,0.820847211,0.986429975
07/01/2025,0.820737189,0.986404238
08/01/2025,0.820627182,0.986378502
09/01/2025,0.820517189,0.986352767
10/01/2025,0.820407211,0.986327032
13/01/2025,0.820077366,0.986249831
14/01/2025,0.819967447,0.986224099
15/01/2025,0.819857543,0.986198367
16/01/2025,0.819747654,0.986172636
17/01/2025,0.819637779,0.986146906
20/01/2025,0.819308243,0.98606972
21/01/2025,0.819198427,0.986043992
22/01/2025,0.819088626,0.986018265
23/01/2025,0.81897884,0.985992539
24/01/2025,0.818869068,0.985966814
27/01/2025,0.818539841,0.985889641
28/01/2025,0.818430129,0.985863918
29/01/2025,0.81832043,0.985838196
30/01/2025,0.818210747,0.985812475
31/01/2025,0.818101078,0.985786754
03/02/2025,0.81777216,0.985709596
04/02/2025,0.81766255,0.985683878
05/02/2025,0.817552955,0.98565816
06/02/2025,0.817443375,0.985632443
07/02/2025,0.817333809,0.985606727
10/02/2025,0.817005199,0.985529583
11/02/2025,0.816895692,0.98550387
12/02/2025,0.8167862,0.985478157
13/02/2025,0.816676722,0.985452445
14/02/2025,0.816567259,0.985426733
17/02/2025,0.816238957,0.985349603
18/02/2025,0.816129553,0.985323894
19/02/2025,0.816020163,0.985298186
20/02/2025,0.815910788,0.985272479
21/02/2025,0.815801428,0.985246772
24/02/2025,0.815473434,0.985169656
25/02/2025,0.815364132,0.985143952
26/02/2025,0.815254845,0.985118249
27/02/2025,0.815145573,0.985092546
28/02/2025,0.815036315,0.985066844
03/03/2025,0.814708629,0.984989742
04/03/2025,0.81459943,0.984964043
05/03/2025,0.814490245,0.984938344
06/03/2025,0.814381075,0.984912646
07/03/2025,0.814271919,0.984886949
10/03/2025,0.813944541,0.984809861
11/03/2025,0.813835444,0.984784166
12/03/2025,0.813726362,0.984758472
13/03/2025,0.813617294,0.984732779
14/03/2025,0.813508241,0.984707086
17/03/2025,0.81318117,0.984630013
18/03/2025,0.813072175,0.984604323
19/03/2025,0.812963195,0.984578633
20/03/2025,0.81285423,0.984552945
21/03/2025,0.812745279,0.984527257
24/03/2025,0.812418514,0.984450197
25/03/2025,0.812309622,0.984424512
26/03/2025,0.812200744,0.984398827
27/03/2025,0.812091881,0.984373143
28/03/2025,0.811983032,0.98434746
31/03/2025,0.811656574,0.984270414
01/04/2025,0.811547784,0.984244734
02/04/2025,0.811439008,0.984219054
03/04/2025,0.811330247,0.984193375
04/04/2025,0.811221501,0.984167696
07/04/2025,0.810895349,0.984090665
08/04/2025,0.81078666,0.984064989
09/04/2025,0.810677987,0.984039313
10/04/2025,0.810569328,0.984013639
11/04/2025,0.810460683,0.983987965
14/04/2025,0.810134837,0.983910947
15/04/2025,0.810026251,0.983885276
16/04/2025,0.809917679,0.983859606
17/04/2025,0.809809122,0.983833936
22/04/2025,0.809266554,0.983705597
23/04/2025,0.809158084,0.983679931
24/04/2025,0.809049629,0.983654266
25/04/2025,0.808941188,0.983628601
28/04/2025,0.808615953,0.983551612
29/04/2025,0.80850757,0.98352595
30/04/2025,0.808399202,0.983500289
01/05/2025,0.808290848,0.983474628
02/05/2025,0.808182509,0.983448969
06/05/2025,0.807749298,0.983346336
07/05/2025,0.807641032,0.98332068
08/05/2025,0.80753278,0.983295024
09/05/2025,0.807424542,0.983269369
12/05/2025,0.807099917,0.983192408
13/05/2025,0.806991737,0.983166755
14/05/2025,0.806883572,0.983141103
15/05/2025,0.806775422,0.983115452
16/05/2025,0.806667286,0.983089802
19/05/2025,0.806342965,0.983012855
20/05/2025,0.806234887,0.982987207
21/05/2025,0.806126823,0.98296156
22/05/2025,0.806018774,0.982935913
23/05/2025,0.805910739,0.982910268
27/05/2025,0.805478746,0.982807691
28/05/2025,0.805370784,0.982782049
29/05/2025,0.805262836,0.982756407
30/05/2025,0.805154903,0.982730766
02/06/2025,0.80483119,0.982653847
03/06/2025,0.804723314,0.982628209
04/06/2025,0.804615453,0.982602571
05/06/2025,0.804507607,0.982576934
06/06/2025,0.804399775,0.982551297
09/06/2025,0.804076365,0.982474392
10/06/2025,0.803968591,0.982448759
11/06/2025,0.803860831,0.982423126
12/06/2025,0.803753086,0.982397493
13/06/2025,0.803645355,0.982371862
16/06/2025,0.803322249,0.98229497
17/06/2025,0.803214576,0.982269341
18/06/2025,0.803106917,0.982243713
19/06/2025,0.802999273,0.982218085
20/06/2025,0.802891643,0.982192458
23/06/2025,0.80256884,0.982115581
24/06/2025,0.802461268,0.982089957
25/06/2025,0.80235371,0.982064333
26/06/2025,0.802246167,0.98203871
27/06/2025,0.802138638,0.982013088
30/06/2025,0.801816138,0.981936225
01/07/2025,0.801708666,0.981910605
02/07/2025,0.80160121,0.981884986
03/07/2025,0.801493767,0.981859368
04/07/2025,0.801386339,0.98183375
07/07/2025,0.801064141,0.981756901
08/07/2025,0.800956771,0.981731286
09/07/2025,0.800849415,0.981705672
10/07/2025,0.800742073,0.981680059
11/07/2025,0.800634746,0.981654446
14/07/2025,0.80031285,0.981577611
15/07/2025,0.80020558,0.981552
16/07/2025,0.800098325,0.981526391
17/07/2025,0.799991084,0.981500782
18/07/2025,0.799883857,0.981475173
21/07/2025,0.799562263,0.981398353
22/07/2025,0.799455094,0.981372747
23/07/2025,0.799347939,0.981347142
24/07/2025,0.799240799,0.981321538
25/07/2025,0.799133673,0.981295934
28/07/2025,0.798812381,0.981219127
29/07/2025,0.798705312,0.981193526
30/07/2025,0.798598258,0.981167926
31/07/2025,0.798491218,0.981142326
01/08/2025,0.798384192,0.981116727
04/08/2025,0.798063201,0.981039935
05/08/2025,0.797956233,0.981014338
06/08/2025,0.797849279,0.980988743
07/08/2025,0.79774234,0.980963148
08/08/2025,0.797635414,0.980937553
11/08/2025,0.797314725,0.980860775
12/08/2025,0.797207857,0.980835183
13/08/2025,0.797107698,0.980809592
14/08/2025,0.797006845,0.980779638
15/08/2025,0.796906003,0.980749684
18/08/2025,0.796603557,0.980659829
19/08/2025,0.796502767,0.98062988
20/08/2025,0.796401989,0.980599931
21/08/2025,0.796301225,0.980569983
22/08/2025,0.796200473,0.980540036
26/08/2025,0.795797593,0.980420257
27/08/2025,0.795696905,0.980390314
28/08/2025,0.795596229,0.980360372
29/08/2025,0.795495567,0.980330432
01/09/2025,0.795193655,0.980240615
02/09/2025,0.795093043,0.980210678
03/09/2025,0.794992444,0.980180742
04/09/2025,0.794891858,0.980150807
05/09/2025,0.794791285,0.980120873
08/09/2025,0.79448964,0.980031075
09/09/2025,0.794389118,0.980001145
10/09/2025,0.794288608,0.979971215
11/09/2025,0.794188111,0.979941286
12/09/2025,0.794087626,0.979911358
15/09/2025,0.793786249,0.97982158
16/09/2025,0.793685815,0.979791656
17/09/2025,0.793585394,0.979761733
18/09/2025,0.793484986,0.979731811
19/09/2025,0.79338459,0.979701889
22/09/2025,0.79308348,0.97961213
23/09/2025,0.792983135,0.979582212
24/09/2025,0.792882803,0.979552295
25/09/2025,0.792782484,0.979522379
26/09/2025,0.792682177,0.979492464
29/09/2025,0.792381334,0.979402725
30/09/2025,0.792281078,0.979372813
01/10/2025,0.792180834,0.979342903
02/10/2025,0.792080604,0.979312993
03/10/2025,0.791980386,0.979283084
06/10/2025,0.791679809,0.979193364
07/10/2025,0.791579642,0.979163459
08/10/2025,0.791479487,0.979133555
09/10/2025,0.791379345,0.979103652
10/10/2025,0.791279216,0.979073749
13/10/2025,0.790978905,0.978984048
14/10/2025,0.790878826,0.978954149
15/10/2025,0.790778761,0.978924252
16/10/2025,0.790678708,0.978894355
17/10/2025,0.790578667,0.978864459
20/10/2025,0.790278622,0.978774777
21/10/2025,0.790178632,0.978744884
22/10/2025,0.790078655,0.978714993
23/10/2025,0.78997869,0.978685103
24/10/2025,0.789878738,0.978655213
27/10/2025,0.789578958,0.97856555
28/10/2025,0.789479057,0.978535664
29/10/2025,0.789379168,0.978505779
30/10/2025,0.789279292,0.978475895
31/10/2025,0.789179429,0.978446012
03/11/2025,0.788879914,0.978356368
04/11/2025,0.788780102,0.978326489
05/11/2025,0.788680301,0.97829661
06/11/2025,0.788580514,0.978266733
07/11/2025,0.788480739,0.978236856
10/11/2025,0.78818149,0.978147231
11/11/2025,0.788081765,0.978117358
12/11/2025,0.787982053,0.978087486
13/11/2025,0.787882354,0.978057615
14/11/2025,0.787782667,0.978027745
17/11/2025,0.787483683,0.977938139
18/11/2025,0.787384047,0.977908272
19/11/2025,0.787284423,0.977878407
20/11/2025,0.787184812,0.977848542
21/11/2025,0.787085214,0.977818678
24/11/2025,0.786786494,0.977729091
25/11/2025,0.786686946,0.977699231
26/11/2025,0.786587411,0.977669372
27/11/2025,0.786487888,0.977639513
28/11/2025,0.786388378,0.977609656
01/12/2025,0.786089923,0.977520088
02/12/2025,0.785990463,0.977490234
03/12/2025,0.785891015,0.977460381
04/12/2025,0.785791581,0.977430529
05/12/2025,0.785692159,0.977400678
08/12/2025,0.785393968,0.97731113
09/12/2025,0.785294596,0.977281283
10/12/2025,0.785195237,0.977251436
11/12/2025,0.78509589,0.97722159
12/12/2025,0.784996556,0.977191745
15/12/2025,0.784698629,0.977102217
16/12/2025,0.784599345,0.977072375
17/12/2025,0.784500074,0.977042535
18/12/2025,0.784400815,0.977012696
19/12/2025,0.784301569,0.976982857
22/12/2025,0.784003906,0.976893348
23/12/2025,0.78390471,0.976863513
24/12/2025,0.783805526,0.976833679
29/12/2025,0.783309798,0.976684523
30/12/2025,0.78321069,0.976654695
31/12/2025,0.783111594,0.976624867
02/01/2026,0.782913441,0.976565215
05/01/2026,0.782616304,0.976475744
06/01/2026,0.782517284,0.976445922
07/01/2026,0.782418276,0.9764161
08/01/2026,0.782319281,0.97638628
09/01/2026,0.782220298,0.976356461
12/01/2026,0.781923425,0.976267009
13/01/2026,0.781824492,0.976237193
14/01/2026,0.781725572,0.976207378
15/01/2026,0.781626664,0.976177564
16/01/2026,0.781527769,0.976147751
19/01/2026,0.781231159,0.976058318
20/01/2026,0.781132313,0.976028509
21/01/2026,0.781033481,0.9759987
22/01/2026,0.780934661,0.975968893
23/01/2026,0.780835853,0.975939086
26/01/2026,0.780539505,0.975849672
27/01/2026,0.780440748,0.975819869
28/01/2026,0.780342003,0.975790067
29/01/2026,0.78024327,0.975760266
30/01/2026,0.78014455,0.975730466
02/02/2026,0.779848464,0.975641071
03/02/2026,0.779749794,0.975611275
04/02/2026,0.779651137,0.975581479
05/02/2026,0.779552491,0.975551684
06/02/2026,0.779453859,0.97552189
09/02/2026,0.779158035,0.975432514
10/02/2026,0.779059453,0.975402724
11/02/2026,0.778960882,0.975372935
12/02/2026,0.778862324,0.975343147
13/02/2026,0.778763779,0.975313359
16/02/2026,0.778468218,0.975224002
17/02/2026,0.778369722,0.975194219
18/02/2026,0.778271239,0.975164436
19/02/2026,0.778172768,0.975134654
20/02/2026,0.77807431,0.975104873
23/02/2026,0.77777901,0.975015535
24/02/2026,0.777680602,0.974985757
25/02/2026,0.777582206,0.974955981
26/02/2026,0.777483823,0.974926205
27/02/2026,0.777385452,0.974896431
02/03/2026,0.777090414,0.974807112
03/03/2026,0.776992092,0.974777341
04/03/2026,0.776893784,0.974747571
05/03/2026,0.776795487,0.974717802
06/03/2026,0.776697203,0.974688033
09/03/2026,0.776402426,0.974598734
10/03/2026,0.776304192,0.974568969
11/03/2026,0.77620597,0.974539205
12/03/2026,0.776107761,0.974509442
13/03/2026,0.776009564,0.97447968
16/03/2026,0.775715048,0.9743904
17/03/2026,0.775616901,0.974360642
18/03/2026,0.775518766,0.974330884
19/03/2026,0.775420644,0.974301128
20/03/2026,0.775322534,0.974271372
23/03/2026,0.775028279,0.974182111
24/03/2026,0.774930218,0.974152359
25/03/2026,0.77483217,0.974122608
26/03/2026,0.774734135,0.974092857
27/03/2026,0.774636112,0.974063108
30/03/2026,0.774342117,0.973973866
31/03/2026,0.774244143,0.97394412
01/04/2026,0.774146182,0.973914375
02/04/2026,0.774048234,0.973884632
07/04/2026,0.773558676,0.973735926
08/04/2026,0.773460802,0.973706188
09/04/2026,0.77336294,0.973676451
10/04/2026,0.77326509,0.973646714
13/04/2026,0.772971616,0.97355751
14/04/2026,0.772873816,0.973527777
15/04/2026,0.772776028,0.973498045
16/04/2026,0.772678253,0.973468314
17/04/2026,0.77258049,0.973438584
20/04/2026,0.772287275,0.973349399
21/04/2026,0.772189561,0.973319672
22/04/2026,0.77209186,0.973289946
23/04/2026,0.771994172,0.973260222
24/04/2026,0.771896495,0.973230498
27/04/2026,0.77160354,0.973141332
28/04/2026,0.771505913,0.973111612
29/04/2026,0.771408298,0.973081892
30/04/2026,0.771310696,0.973052174
01/05/2026,0.771213106,0.973022457
05/05/2026,0.77082287,0.972903596
06/05/2026,0.770725342,0.972873883
07/05/2026,0.770627826,0.972844171
08/05/2026,0.770530322,0.97281446
11/05/2026,0.770237886,0.972725332
12/05/2026,0.770140432,0.972695624
13/05/2026,0.77004299,0.972665918
14/05/2026,0.76994556,0.972636212
15/05/2026,0.769848143,0.972606507
18/05/2026,0.769555965,0.972517398
19/05/2026,0.769458597,0.972487697
20/05/2026,0.769361242,0.972457997
21/05/2026,0.769263899,0.972428298
22/05/2026,0.769166568,0.972398599
26/05/2026,0.768777367,0.972279815
27/05/2026,0.768680097,0.972250121
28/05/2026,0.76858284,0.972220428
29/05/2026,0.768485596,0.972190736
01/06/2026,0.768193935,0.972101665
02/06/2026,0.768096739,0.972071977
03/06/2026,0.767999556,0.972042289
04/06/2026,0.767902385,0.972012603
05/06/2026,0.767805227,0.971982917
08/06/2026,0.767513824,0.971893865
09/06/2026,0.767416715,0.971864183
10/06/2026,0.767319617,0.971834502
11/06/2026,0.767222532,0.971804822
12/06/2026,0.76712546,0.971775142
15/06/2026,0.766834315,0.971686109
16/06/2026,0.766737292,0.971656434
17/06/2026,0.766640281,0.971626759
18/06/2026,0.766543282,0.971597085
19/06/2026,0.766446295,0.971567412
22/06/2026,0.766155408,0.971478398
23/06/2026,0.766058471,0.971448729
24/06/2026,0.765961545,0.97141906
25/06/2026,0.765864632,0.971389393
26/06/2026,0.765767731,0.971359726
29/06/2026,0.765477102,0.971270731
30/06/2026,0.76538025,0.971241068
01/07/2026,0.765283411,0.971211406
02/07/2026,0.765186583,0.971181745
03/07/2026,0.765089768,0.971152085
06/07/2026,0.764799397,0.971063109
07/07/2026,0.764702631,0.971033452
08/07/2026,0.764605877,0.971003797
09/07/2026,0.764509135,0.970974142
10/07/2026,0.764412406,0.970944488
13/07/2026,0.764122291,0.970855531
14/07/2026,0.764025611,0.970825881
15/07/2026,0.763928942,0.970796231
16/07/2026,0.763832286,0.970766583
17/07/2026,0.763735643,0.970736935
20/07/2026,0.763445785,0.970647997
21/07/2026,0.76334919,0.970618353
22/07/2026,0.763252607,0.97058871
23/07/2026,0.763156037,0.970559068
24/07/2026,0.763059479,0.970529427
27/07/2026,0.762769878,0.970440508
28/07/2026,0.762673368,0.97041087
29/07/2026,0.762576871,0.970381234
30/07/2026,0.762480386,0.970351598
31/07/2026,0.762383914,0.970321963
03/08/2026,0.762094569,0.970233063
04/08/2026,0.761998145,0.970203432
05/08/2026,0.761901733,0.970173801
