Date;Forwards
12/08/2021;34.8508249
13/08/2021;34.85094275
14/08/2021;34.85106059
15/08/2021;34.85117844
16/08/2021;34.85129629
17/08/2021;34.85141413
18/08/2021;34.85153198
19/08/2021;34.85164983
20/08/2021;34.85176768
21/08/2021;34.85188552
22/08/2021;34.85200337
23/08/2021;34.85212122
24/08/2021;34.85223907
25/08/2021;34.85235692
26/08/2021;34.85247477
27/08/2021;34.85259262
28/08/2021;34.85271047
29/08/2021;34.85282832
30/08/2021;34.85294618
31/08/2021;34.85306403
01/09/2021;34.85318188
02/09/2021;34.85329973
03/09/2021;34.85341759
04/09/2021;34.85353544
05/09/2021;34.85365329
06/09/2021;34.85377115
07/09/2021;34.853889
08/09/2021;34.85400686
09/09/2021;34.85412472
10/09/2021;34.85424257
11/09/2021;34.85436043
12/09/2021;34.85447828
13/09/2021;34.85459614
14/09/2021;34.854714
15/09/2021;34.85483186
16/09/2021;34.85494972
17/09/2021;34.85506758
18/09/2021;34.85518544
19/09/2021;34.85530329
20/09/2021;34.85542116
21/09/2021;34.85553902
22/09/2021;34.85565688
23/09/2021;34.85577474
24/09/2021;34.8558926
25/09/2021;34.85601046
26/09/2021;34.85612832
27/09/2021;34.85624619
28/09/2021;34.85636405
29/09/2021;34.85648191
30/09/2021;34.85659978
01/10/2021;34.85671764
02/10/2021;34.85683551
03/10/2021;34.85695337
04/10/2021;34.36361947
05/10/2021;34.36373567
06/10/2021;34.36385186
07/10/2021;34.36396806
08/10/2021;34.36408426
09/10/2021;34.36420046
10/10/2021;34.36431666
11/10/2021;34.36443286
12/10/2021;34.36454906
13/10/2021;34.36466526
14/10/2021;34.36478146
15/10/2021;34.36489766
16/10/2021;34.36501386
17/10/2021;34.36513007
18/10/2021;34.36524627
19/10/2021;34.36536247
20/10/2021;34.36547868
21/10/2021;34.36559488
22/10/2021;34.36571108
23/10/2021;34.36582729
24/10/2021;34.36594349
25/10/2021;34.3660597
26/10/2021;34.36617591
27/10/2021;34.36629211
28/10/2021;34.36640832
29/10/2021;34.36652452
30/10/2021;34.36664073
31/10/2021;34.36675694
01/11/2021;34.36687315
02/11/2021;34.36698936
03/11/2021;34.36710557
04/11/2021;34.36722178
05/11/2021;34.36733799
06/11/2021;34.3674542
07/11/2021;34.36757041
08/11/2021;34.36768662
09/11/2021;34.36780459
10/11/2021;34.36792256
11/11/2021;34.36804054
12/11/2021;34.36815851
13/11/2021;34.36827649
14/11/2021;34.36839446
15/11/2021;34.36851244
16/11/2021;34.36863041
17/11/2021;34.36874839
18/11/2021;34.36886637
19/11/2021;34.36898434
20/11/2021;34.36910232
21/11/2021;34.3692203
22/11/2021;34.36933828
23/11/2021;34.36945626
24/11/2021;34.36957424
25/11/2021;34.36969222
26/11/2021;34.3698102
27/11/2021;34.36992818
28/11/2021;34.37004616
29/11/2021;34.37016414
30/11/2021;34.37028212
01/12/2021;34.3704001
02/12/2021;34.37051809
03/12/2021;34.37063607
04/12/2021;34.37075405
05/12/2021;34.37087204
06/12/2021;34.37099002
07/12/2021;34.371108
08/12/2021;34.37122599
09/12/2021;34.37134397
10/12/2021;34.37146196
11/12/2021;34.37157995
12/12/2021;34.37169793
13/12/2021;34.37181592
14/12/2021;34.37193391
15/12/2021;34.37205189
16/12/2021;34.37220702
17/12/2021;34.37236214
18/12/2021;34.37251726
19/12/2021;34.37267238
20/12/2021;34.3728275
21/12/2021;34.37298263
22/12/2021;34.37313775
23/12/2021;34.37329288
24/12/2021;34.373448
25/12/2021;34.37360313
26/12/2021;34.37375826
27/12/2021;33.88699931
28/12/2021;33.88715225
29/12/2021;33.88730518
30/12/2021;33.88745811
31/12/2021;33.88761104
01/01/2022;33.88776398
02/01/2022;33.88791691
03/01/2022;33.88806985
04/01/2022;33.88822278
05/01/2022;33.88837572
06/01/2022;33.88852866
07/01/2022;33.8886816
08/01/2022;33.88883454
09/01/2022;33.88898748
10/01/2022;33.88914042
11/01/2022;33.88929336
12/01/2022;33.8894463
13/01/2022;33.88959924
14/01/2022;33.88975219
15/01/2022;33.88990513
16/01/2022;33.89005807
17/01/2022;33.89021102
18/01/2022;33.89036396
19/01/2022;33.89051691
20/01/2022;33.89066986
21/01/2022;33.89082281
22/01/2022;33.89097576
23/01/2022;33.8911287
24/01/2022;33.89128166
25/01/2022;33.89143461
26/01/2022;33.89158756
27/01/2022;33.89174051
28/01/2022;33.89189346
29/01/2022;33.89204642
30/01/2022;33.89219937
31/01/2022;33.89235232
01/02/2022;33.89250528
02/02/2022;33.89265824
03/02/2022;33.89281119
04/02/2022;33.89296415
05/02/2022;33.89311711
06/02/2022;33.89327007
07/02/2022;33.89342303
08/02/2022;33.89357599
09/02/2022;33.89372895
10/02/2022;33.89388191
11/02/2022;33.89403487
12/02/2022;33.89418784
13/02/2022;33.8943408
14/02/2022;33.89449377
15/02/2022;33.89464673
16/02/2022;33.8947997
17/02/2022;33.89495266
18/02/2022;33.89510563
19/02/2022;33.8952586
20/02/2022;33.89541157
21/02/2022;33.89556454
22/02/2022;33.89571751
23/02/2022;33.89587048
24/02/2022;33.89602345
25/02/2022;33.89617642
26/02/2022;33.89632939
27/02/2022;33.89648237
28/02/2022;33.89663534
01/03/2022;33.89678832
02/03/2022;33.89694129
03/03/2022;33.89709427
04/03/2022;33.89724725
05/03/2022;33.89740022
06/03/2022;33.8975532
07/03/2022;33.89770618
08/03/2022;33.89785916
09/03/2022;33.89801214
10/03/2022;33.89816512
11/03/2022;33.8983181
12/03/2022;33.89847109
13/03/2022;33.89862407
14/03/2022;33.89877705
15/03/2022;33.89893004
16/03/2022;33.8990642
17/03/2022;33.89919836
18/03/2022;33.89933252
19/03/2022;33.89946668
20/03/2022;33.89960084
21/03/2022;33.899735
22/03/2022;33.89986916
23/03/2022;33.90000333
24/03/2022;33.90013749
25/03/2022;33.90027165
26/03/2022;33.90040582
27/03/2022;33.90053998
28/03/2022;33.90067415
29/03/2022;33.90080831
30/03/2022;33.90094248
31/03/2022;33.90107665
01/04/2022;33.90121082
02/04/2022;33.90134498
03/04/2022;33.90147915
04/04/2022;33.90161332
05/04/2022;33.90174749
06/04/2022;33.90188166
07/04/2022;33.90201583
08/04/2022;33.90215
09/04/2022;33.90228418
10/04/2022;33.90241835
11/04/2022;33.90255252
12/04/2022;33.90268669
13/04/2022;33.90282087
14/04/2022;33.90295504
15/04/2022;33.90308922
16/04/2022;33.90322339
17/04/2022;33.90335757
18/04/2022;33.90349175
19/04/2022;33.90362592
20/04/2022;33.9037601
21/04/2022;33.90389428
22/04/2022;33.90402846
23/04/2022;33.90416264
24/04/2022;33.90429682
25/04/2022;33.904431
26/04/2022;33.90456518
27/04/2022;33.90469936
28/04/2022;33.90483354
29/04/2022;33.90496772
30/04/2022;33.90510191
01/05/2022;33.90523609
02/05/2022;33.90537027
03/05/2022;33.90550446
04/05/2022;33.90563864
05/05/2022;33.90577283
06/05/2022;33.90590702
07/05/2022;33.9060412
08/05/2022;33.90617539
09/05/2022;33.90630958
10/05/2022;33.90644377
11/05/2022;33.90657795
12/05/2022;33.90671214
13/05/2022;33.90684633
14/05/2022;33.90698052
15/05/2022;33.90711472
16/05/2022;33.90724891
17/05/2022;33.9073831
18/05/2022;33.90751729
19/05/2022;33.90765148
20/05/2022;33.90778568
21/05/2022;33.90791987
22/05/2022;33.90805407
23/05/2022;33.90818826
24/05/2022;33.90832246
25/05/2022;33.90845665
26/05/2022;33.90859085
27/05/2022;33.90872505
28/05/2022;33.90885925
29/05/2022;33.90899344
30/05/2022;33.90912764
31/05/2022;33.90926184
01/06/2022;33.90939604
02/06/2022;33.90953024
03/06/2022;33.90966444
04/06/2022;33.90979865
05/06/2022;33.90993285
06/06/2022;33.37616042
07/06/2022;33.37629251
08/06/2022;33.3764246
09/06/2022;33.37655669
10/06/2022;33.37668878
11/06/2022;33.37682087
12/06/2022;33.37695297
13/06/2022;33.37708506
14/06/2022;33.37721715
15/06/2022;33.37734925
16/06/2022;33.37748134
17/06/2022;33.37765092
18/06/2022;33.37782049
19/06/2022;33.37799007
20/06/2022;33.37815964
21/06/2022;33.37832922
22/06/2022;33.3784988
23/06/2022;33.37866838
24/06/2022;33.37883796
25/06/2022;33.37900754
26/06/2022;33.37917712
27/06/2022;33.3793467
28/06/2022;33.37951628
29/06/2022;33.37968587
30/06/2022;33.37985545
01/07/2022;33.38002504
02/07/2022;33.38019463
03/07/2022;33.38036421
04/07/2022;33.3805338
05/07/2022;33.38070339
06/07/2022;33.38087298
07/07/2022;33.38104257
08/07/2022;33.38121216
09/07/2022;33.38138176
10/07/2022;33.38155135
11/07/2022;33.38172094
12/07/2022;33.38189054
13/07/2022;33.38206013
14/07/2022;33.38222973
15/07/2022;33.38239933
16/07/2022;33.38256893
17/07/2022;33.38273853
18/07/2022;33.38290813
19/07/2022;33.38307773
20/07/2022;33.38324733
21/07/2022;33.38341693
22/07/2022;33.38358654
23/07/2022;33.38375614
24/07/2022;33.38392575
25/07/2022;33.38409535
26/07/2022;33.38426496
27/07/2022;33.38443457
28/07/2022;33.38460418
29/07/2022;33.38477379
30/07/2022;33.3849434
31/07/2022;33.38511301
01/08/2022;33.38528262
02/08/2022;33.38545224
03/08/2022;33.38562185
04/08/2022;33.38579147
05/08/2022;33.38596108
06/08/2022;33.3861307
07/08/2022;33.38630032
08/08/2022;33.38646993
09/08/2022;33.38663955
10/08/2022;33.38680917
11/08/2022;33.38697879
12/08/2022;33.38714842
13/08/2022;33.38731804
14/08/2022;33.38748766
15/08/2022;33.38765729
16/08/2022;33.38782691
17/08/2022;33.38799654
18/08/2022;33.38816617
19/08/2022;33.38833579
20/08/2022;33.38850542
21/08/2022;33.38867505
22/08/2022;33.38884468
23/08/2022;33.38901431
24/08/2022;33.38918395
25/08/2022;33.38935358
26/08/2022;33.38952321
27/08/2022;33.38969285
28/08/2022;33.38986248
29/08/2022;33.39003212
30/08/2022;33.39020176
31/08/2022;33.3903714
01/09/2022;33.39054103
02/09/2022;33.39071067
03/09/2022;33.39088032
04/09/2022;33.39104996
05/09/2022;33.3912196
06/09/2022;33.39138924
07/09/2022;33.39155889
08/09/2022;33.39172853
09/09/2022;33.39189818
10/09/2022;33.39206783
11/09/2022;33.39223747
12/09/2022;33.39240712
13/09/2022;33.39257677
14/09/2022;33.39274642
15/09/2022;33.39291607
16/09/2022;33.39315021
17/09/2022;33.39338436
18/09/2022;33.3936185
19/09/2022;33.39385264
20/09/2022;33.39408679
21/09/2022;33.39432094
22/09/2022;33.39455509
23/09/2022;33.39478924
24/09/2022;33.3950234
25/09/2022;33.39525755
26/09/2022;33.39549171
27/09/2022;33.39572587
28/09/2022;33.39596003
29/09/2022;33.39619419
30/09/2022;33.39642835
01/10/2022;33.39666252
02/10/2022;33.39689668
03/10/2022;33.39713085
04/10/2022;32.93089261
05/10/2022;32.93112351
06/10/2022;32.93135441
07/10/2022;32.93158532
08/10/2022;32.93181622
09/10/2022;32.93204713
10/10/2022;32.93227804
11/10/2022;32.93250895
12/10/2022;32.93273986
13/10/2022;32.93297078
14/10/2022;32.93320169
15/10/2022;32.93343261
16/10/2022;32.93366353
17/10/2022;32.93389445
18/10/2022;32.93412537
19/10/2022;32.93435629
20/10/2022;32.93458722
21/10/2022;32.93481814
22/10/2022;32.93504907
23/10/2022;32.93528
24/10/2022;32.93551093
25/10/2022;32.93574187
26/10/2022;32.9359728
27/10/2022;32.93620374
28/10/2022;32.93643468
29/10/2022;32.93666562
30/10/2022;32.93689656
31/10/2022;32.9371275
01/11/2022;32.93735844
02/11/2022;32.93758939
03/11/2022;32.93782034
04/11/2022;32.93805129
05/11/2022;32.93828224
06/11/2022;32.93851319
07/11/2022;32.93874415
08/11/2022;32.9389751
09/11/2022;32.93920606
10/11/2022;32.93943702
11/11/2022;32.93966798
12/11/2022;32.93989894
13/11/2022;32.9401299
14/11/2022;32.94036087
15/11/2022;32.94059184
16/11/2022;32.94082281
17/11/2022;32.94105378
18/11/2022;32.94128475
19/11/2022;32.94151572
20/11/2022;32.9417467
21/11/2022;32.94197767
22/11/2022;32.94220865
23/11/2022;32.94243963
24/11/2022;32.94267061
25/11/2022;32.9429016
26/11/2022;32.94313258
27/11/2022;32.94336357
28/11/2022;32.94359456
29/11/2022;32.94382555
30/11/2022;32.94405654
01/12/2022;32.94428753
02/12/2022;32.94451853
03/12/2022;32.94474952
04/12/2022;32.94498052
05/12/2022;32.94521152
06/12/2022;32.94544252
07/12/2022;32.94567352
08/12/2022;32.94590453
09/12/2022;32.94613553
10/12/2022;32.94636654
11/12/2022;32.94659755
12/12/2022;32.94682856
13/12/2022;32.94705957
14/12/2022;32.94729059
15/12/2022;32.9475216
16/12/2022;32.94775262
17/12/2022;32.94798364
18/12/2022;32.94821466
19/12/2022;32.94844568
20/12/2022;32.94867671
21/12/2022;32.94890773
22/12/2022;32.94926222
23/12/2022;32.94961671
24/12/2022;32.94997121
25/12/2022;32.95032571
26/12/2022;32.49098356
27/12/2022;32.49133312
28/12/2022;32.49168268
29/12/2022;32.49203225
30/12/2022;32.49238183
31/12/2022;32.4927314
01/01/2023;32.49308099
02/01/2023;32.49343057
03/01/2023;32.49378016
04/01/2023;32.49412975
05/01/2023;32.49447935
06/01/2023;32.49482895
07/01/2023;32.49517855
08/01/2023;32.49552816
09/01/2023;32.49587777
10/01/2023;32.49622738
11/01/2023;32.496577
12/01/2023;32.49692662
13/01/2023;32.49727625
14/01/2023;32.49762588
15/01/2023;32.49797551
16/01/2023;32.49832515
17/01/2023;32.49867479
18/01/2023;32.49902443
19/01/2023;32.49937408
20/01/2023;32.49972373
21/01/2023;32.50007339
22/01/2023;32.50042305
23/01/2023;32.50077271
24/01/2023;32.50112238
25/01/2023;32.50147205
26/01/2023;32.50182173
27/01/2023;32.5021714
28/01/2023;32.50252109
29/01/2023;32.50287077
30/01/2023;32.50322046
31/01/2023;32.50357016
01/02/2023;32.50391985
02/02/2023;32.50426955
03/02/2023;32.50461926
04/02/2023;32.50496897
05/02/2023;32.50531868
06/02/2023;32.5056684
07/02/2023;32.50601812
08/02/2023;32.50636784
09/02/2023;32.50671757
10/02/2023;32.5070673
11/02/2023;32.50741703
12/02/2023;32.50776677
13/02/2023;32.50811652
14/02/2023;32.50846626
15/02/2023;32.50881601
16/02/2023;32.50916577
17/02/2023;32.50951552
18/02/2023;32.50986528
19/02/2023;32.51021505
20/02/2023;32.51056482
21/02/2023;32.51091459
22/02/2023;32.51126437
23/02/2023;32.51161415
24/02/2023;32.51196393
25/02/2023;32.51231372
26/02/2023;32.51266351
27/02/2023;32.51301331
28/02/2023;32.5133631
01/03/2023;32.51371291
02/03/2023;32.51406271
03/03/2023;32.51441252
04/03/2023;32.51476234
05/03/2023;32.51511216
06/03/2023;32.51546198
07/03/2023;32.5158118
08/03/2023;32.51616163
09/03/2023;32.51651146
10/03/2023;32.5168613
11/03/2023;32.51721114
12/03/2023;32.51756098
13/03/2023;32.51791083
14/03/2023;32.51826068
15/03/2023;32.51861054
16/03/2023;32.5189604
17/03/2023;32.51931026
18/03/2023;32.51966013
19/03/2023;32.52001
20/03/2023;32.52035987
21/03/2023;32.52070975
22/03/2023;32.52113611
23/03/2023;32.52156247
24/03/2023;32.52198884
25/03/2023;32.52241522
26/03/2023;32.5228416
27/03/2023;32.52326799
28/03/2023;32.52369438
29/03/2023;32.52412078
30/03/2023;32.52454718
31/03/2023;32.52497359
01/04/2023;32.52540001
02/04/2023;32.52582643
03/04/2023;32.52625285
04/04/2023;32.52667929
05/04/2023;32.52710572
06/04/2023;32.52753217
07/04/2023;32.52795861
08/04/2023;32.52838507
09/04/2023;32.52881153
10/04/2023;32.52923799
11/04/2023;32.52966446
12/04/2023;32.53009094
13/04/2023;32.53051742
14/04/2023;32.53094391
15/04/2023;32.5313704
16/04/2023;32.5317969
17/04/2023;32.53222341
18/04/2023;32.53264992
19/04/2023;32.53307643
20/04/2023;32.53350295
21/04/2023;32.53392948
22/04/2023;32.53435601
23/04/2023;32.53478255
24/04/2023;32.53520909
25/04/2023;32.53563564
26/04/2023;32.5360622
27/04/2023;32.53648876
28/04/2023;32.53691532
29/04/2023;32.53734189
30/04/2023;32.53776847
01/05/2023;32.53819505
02/05/2023;32.53862164
03/05/2023;32.53904823
04/05/2023;32.53947483
05/05/2023;32.53990144
06/05/2023;32.54032805
07/05/2023;32.54075467
08/05/2023;32.54118129
09/05/2023;32.54160792
10/05/2023;32.54203455
11/05/2023;32.54246119
12/05/2023;32.54288783
13/05/2023;32.54331448
14/05/2023;32.54374114
15/05/2023;32.5441678
16/05/2023;32.54459446
17/05/2023;32.54502114
18/05/2023;32.54544781
19/05/2023;32.5458745
20/05/2023;32.54630119
21/05/2023;32.54672788
22/05/2023;32.54715458
23/05/2023;32.54758129
24/05/2023;32.548008
25/05/2023;32.54843471
26/05/2023;32.54886144
27/05/2023;32.54928816
28/05/2023;32.5497149
29/05/2023;32.55014164
30/05/2023;32.55056838
31/05/2023;32.55099513
01/06/2023;32.55142189
02/06/2023;32.55184865
03/06/2023;32.55227542
04/06/2023;32.55270219
05/06/2023;32.04834686
06/06/2023;32.04876703
07/06/2023;32.0491872
08/06/2023;32.04960737
09/06/2023;32.05002756
10/06/2023;32.05044774
11/06/2023;32.05086794
12/06/2023;32.05128814
13/06/2023;32.05170834
14/06/2023;32.05212855
15/06/2023;32.05254877
16/06/2023;32.05296899
17/06/2023;32.05338922
18/06/2023;32.05380945
19/06/2023;32.05422969
20/06/2023;32.05464993
21/06/2023;32.05507018
22/06/2023;32.05549043
23/06/2023;32.05591069
24/06/2023;32.05633096
25/06/2023;32.05675123
26/06/2023;32.0571715
27/06/2023;32.05759179
28/06/2023;32.05801207
29/06/2023;32.05843237
30/06/2023;32.05885266
01/07/2023;32.05927297
02/07/2023;32.05969328
03/07/2023;32.06011359
04/07/2023;32.06053391
05/07/2023;32.06095424
06/07/2023;32.06137457
07/07/2023;32.06179491
08/07/2023;32.06221525
09/07/2023;32.0626356
10/07/2023;32.06305595
11/07/2023;32.06347631
12/07/2023;32.06389667
13/07/2023;32.06431704
14/07/2023;32.06473742
15/07/2023;32.0651578
16/07/2023;32.06557819
17/07/2023;32.06599858
18/07/2023;32.06641898
19/07/2023;32.06683938
20/07/2023;32.06725979
21/07/2023;32.0676802
22/07/2023;32.06810062
23/07/2023;32.06852105
24/07/2023;32.06894148
25/07/2023;32.06936191
26/07/2023;32.06978236
27/07/2023;32.0702028
28/07/2023;32.07062325
29/07/2023;32.07104371
30/07/2023;32.07146418
31/07/2023;32.07188465
01/08/2023;32.07230512
02/08/2023;32.0727256
03/08/2023;32.07314609
04/08/2023;32.07356658
05/08/2023;32.07398707
06/08/2023;32.07440758
07/08/2023;32.07482808
08/08/2023;32.0752486
09/08/2023;32.07598945
10/08/2023;32.07673032
11/08/2023;32.0774712
12/08/2023;32.07821211
13/08/2023;32.07895302
14/08/2023;32.07969396
15/08/2023;32.08043492
16/08/2023;32.08117589
17/08/2023;32.08191687
18/08/2023;32.08265788
19/08/2023;32.0833989
20/08/2023;32.08413994
21/08/2023;32.084881
22/08/2023;32.08562207
23/08/2023;32.08636316
24/08/2023;32.08710427
25/08/2023;32.0878454
26/08/2023;32.08858654
27/08/2023;32.0893277
28/08/2023;32.09006887
29/08/2023;32.09081007
30/08/2023;32.09155128
31/08/2023;32.0922925
01/09/2023;32.09303375
02/09/2023;32.09377501
03/09/2023;32.09451629
04/09/2023;32.09525759
05/09/2023;32.0959989
06/09/2023;32.09674023
07/09/2023;32.09748158
08/09/2023;32.09822294
09/09/2023;32.09896432
10/09/2023;32.09970572
11/09/2023;32.10044714
12/09/2023;32.10118857
13/09/2023;32.10193002
14/09/2023;32.10267149
15/09/2023;32.10341298
16/09/2023;32.10415448
17/09/2023;32.104896
18/09/2023;32.10563753
19/09/2023;32.10637908
20/09/2023;32.10712066
21/09/2023;32.10786224
22/09/2023;32.10860385
23/09/2023;32.10934547
24/09/2023;32.11008711
25/09/2023;32.11082876
26/09/2023;32.11157044
27/09/2023;32.11231213
28/09/2023;32.11305383
29/09/2023;32.11379556
30/09/2023;32.1145373
01/10/2023;32.11527906
02/10/2023;32.11602083
03/10/2023;32.11676263
04/10/2023;31.67408498
05/10/2023;31.67481656
06/10/2023;31.67554817
07/10/2023;31.67627978
08/10/2023;31.67701142
09/10/2023;31.67774307
10/10/2023;31.67847474
11/10/2023;31.67920643
12/10/2023;31.67993813
13/10/2023;31.68066985
14/10/2023;31.68140159
15/10/2023;31.68213335
16/10/2023;31.68286512
17/10/2023;31.68359691
18/10/2023;31.68432871
19/10/2023;31.68506053
20/10/2023;31.68579237
21/10/2023;31.68652423
22/10/2023;31.6872561
23/10/2023;31.68798799
24/10/2023;31.6887199
25/10/2023;31.68945182
26/10/2023;31.69018376
27/10/2023;31.69091572
28/10/2023;31.69164769
29/10/2023;31.69237968
30/10/2023;31.69311169
31/10/2023;31.69384372
01/11/2023;31.69457576
02/11/2023;31.69530782
03/11/2023;31.69603989
04/11/2023;31.69677198
05/11/2023;31.69750409
06/11/2023;31.69823622
07/11/2023;31.69896836
08/11/2023;31.69970052
09/11/2023;31.7004327
10/11/2023;31.70116489
11/11/2023;31.70189711
12/11/2023;31.70262933
13/11/2023;31.70336158
14/11/2023;31.70409384
15/11/2023;31.70482612
16/11/2023;31.70555841
17/11/2023;31.70629073
18/11/2023;31.70702305
19/11/2023;31.7077554
20/11/2023;31.70848776
21/11/2023;31.70922014
22/11/2023;31.70995254
23/11/2023;31.71068495
24/11/2023;31.71141739
25/11/2023;31.71214983
26/11/2023;31.7128823
27/11/2023;31.71361478
28/11/2023;31.71434728
29/11/2023;31.71507979
30/11/2023;31.71581233
01/12/2023;31.71654487
02/12/2023;31.71727744
03/12/2023;31.71801002
04/12/2023;31.71874262
05/12/2023;31.71947524
06/12/2023;31.72020787
07/12/2023;31.72094052
08/12/2023;31.72167319
09/12/2023;31.72240588
10/12/2023;31.72313858
11/12/2023;31.7238713
12/12/2023;31.72460403
13/12/2023;31.72533678
14/12/2023;31.72606955
15/12/2023;31.72680234
16/12/2023;31.72753514
17/12/2023;31.72826796
18/12/2023;31.7290008
19/12/2023;31.72973365
20/12/2023;31.73046652
21/12/2023;31.73119941
22/12/2023;31.73193232
23/12/2023;31.73266524
24/12/2023;31.73339818
25/12/2023;31.73413113
26/12/2023;31.29878645
27/12/2023;31.29950937
28/12/2023;31.3002323
29/12/2023;31.30095525
30/12/2023;31.30167822
31/12/2023;31.3024012
01/01/2024;31.3031242
02/01/2024;31.30384722
03/01/2024;31.30457025
04/01/2024;31.3052933
05/01/2024;31.30601637
06/01/2024;31.30673946
07/01/2024;31.30746256
08/01/2024;31.30818567
09/01/2024;31.30890881
10/01/2024;31.30963196
11/01/2024;31.31035513
12/01/2024;31.31107831
13/01/2024;31.31180151
14/01/2024;31.31252473
15/01/2024;31.31324796
16/01/2024;31.31397121
17/01/2024;31.31469448
18/01/2024;31.31541777
19/01/2024;31.31614107
20/01/2024;31.31686439
21/01/2024;31.31758772
22/01/2024;31.31831107
23/01/2024;31.31903444
24/01/2024;31.31975782
25/01/2024;31.32048123
26/01/2024;31.32120464
27/01/2024;31.32192808
28/01/2024;31.32265153
29/01/2024;31.323375
30/01/2024;31.32409848
31/01/2024;31.32482199
01/02/2024;31.3255455
02/02/2024;31.32626904
03/02/2024;31.32699259
04/02/2024;31.32771616
05/02/2024;31.32843974
06/02/2024;31.32916335
07/02/2024;31.32988696
08/02/2024;31.3306106
09/02/2024;31.33133425
10/02/2024;31.33205792
11/02/2024;31.33278161
12/02/2024;31.33350531
13/02/2024;31.33422903
14/02/2024;31.33495276
15/02/2024;31.33567652
16/02/2024;31.33640028
17/02/2024;31.33712407
18/02/2024;31.33784787
19/02/2024;31.33857169
20/02/2024;31.33929553
21/02/2024;31.34001938
22/02/2024;31.34074325
23/02/2024;31.34146714
24/02/2024;31.34219104
25/02/2024;31.34291496
26/02/2024;31.34363889
27/02/2024;31.34436285
28/02/2024;31.34508682
29/02/2024;31.3458108
01/03/2024;31.34653481
02/03/2024;31.34725883
03/03/2024;31.34798286
04/03/2024;31.34870692
05/03/2024;31.34943099
06/03/2024;31.35015507
07/03/2024;31.35087918
08/03/2024;31.3516033
09/03/2024;31.35232743
10/03/2024;31.35305159
11/03/2024;31.35377576
12/03/2024;31.35449995
13/03/2024;31.35522415
14/03/2024;31.35594837
15/03/2024;31.35667261
16/03/2024;31.35739686
17/03/2024;31.35812113
18/03/2024;31.35884542
19/03/2024;31.35956972
20/03/2024;31.36029404
21/03/2024;31.36101838
22/03/2024;31.36174274
23/03/2024;31.36246711
24/03/2024;31.3631915
25/03/2024;31.3639159
26/03/2024;31.36464032
27/03/2024;31.36536476
28/03/2024;31.36608921
29/03/2024;31.36681369
30/03/2024;31.36753817
31/03/2024;31.36826268
01/04/2024;31.3689872
02/04/2024;31.36971174
03/04/2024;31.37043629
04/04/2024;31.37116087
05/04/2024;31.37188545
06/04/2024;31.37261006
07/04/2024;31.37333468
08/04/2024;31.37405932
09/04/2024;31.37478398
10/04/2024;31.37550865
11/04/2024;31.37623334
12/04/2024;31.37695804
13/04/2024;31.37768277
14/04/2024;31.37840751
15/04/2024;31.37913226
16/04/2024;31.37985703
17/04/2024;31.38058182
18/04/2024;31.38130663
19/04/2024;31.38203145
20/04/2024;31.38275629
21/04/2024;31.38348115
22/04/2024;31.38420602
23/04/2024;31.38493091
24/04/2024;31.38565582
25/04/2024;31.38638074
26/04/2024;31.38710568
27/04/2024;31.38783064
28/04/2024;31.38855561
29/04/2024;31.3892806
30/04/2024;31.39000561
01/05/2024;31.39073064
02/05/2024;31.39145568
03/05/2024;31.39218073
04/05/2024;31.39290581
05/05/2024;31.3936309
06/05/2024;31.39435601
07/05/2024;31.39508113
08/05/2024;31.39580627
09/05/2024;31.39653143
10/05/2024;31.3972566
11/05/2024;31.3979818
12/05/2024;31.398707
13/05/2024;31.39943223
14/05/2024;31.40015747
15/05/2024;31.40088273
16/05/2024;31.401608
17/05/2024;31.4023333
18/05/2024;31.4030586
19/05/2024;31.40378393
20/05/2024;31.40450927
21/05/2024;31.40523463
22/05/2024;31.40596001
23/05/2024;31.4066854
24/05/2024;31.40741081
25/05/2024;31.40813623
26/05/2024;31.40886168
27/05/2024;31.40958714
28/05/2024;31.41031261
29/05/2024;31.41103811
30/05/2024;31.41176362
31/05/2024;31.41248914
01/06/2024;31.41321469
02/06/2024;31.41394025
03/06/2024;31.41466582
04/06/2024;31.41539142
05/06/2024;30.93621827
06/06/2024;30.93693281
07/06/2024;30.93764737
08/06/2024;30.93836195
09/06/2024;30.93907654
10/06/2024;30.93979115
11/06/2024;30.94050577
12/06/2024;30.94122041
13/06/2024;30.94193507
14/06/2024;30.94264975
15/06/2024;30.94336444
16/06/2024;30.94407914
17/06/2024;30.94479387
18/06/2024;30.94550861
19/06/2024;30.94622337
20/06/2024;30.94693814
21/06/2024;30.94765293
22/06/2024;30.94836774
23/06/2024;30.94908256
24/06/2024;30.9497974
25/06/2024;30.95051226
26/06/2024;30.95122713
27/06/2024;30.95194202
28/06/2024;30.95265693
29/06/2024;30.95337185
30/06/2024;30.95408679
01/07/2024;30.95480174
02/07/2024;30.95551671
03/07/2024;30.9562317
04/07/2024;30.95694671
05/07/2024;30.95766173
06/07/2024;30.95837677
07/07/2024;30.95909182
08/07/2024;30.95980689
09/07/2024;30.96052198
10/07/2024;30.96123708
11/07/2024;30.9619522
12/07/2024;30.96266734
13/07/2024;30.96338249
14/07/2024;30.96409766
15/07/2024;30.96481285
16/07/2024;30.96552805
17/07/2024;30.96624327
18/07/2024;30.96695851
19/07/2024;30.96767376
20/07/2024;30.96838903
21/07/2024;30.96910432
22/07/2024;30.96981962
23/07/2024;30.97053494
24/07/2024;30.97125027
25/07/2024;30.97196563
26/07/2024;30.97268099
27/07/2024;30.97339638
28/07/2024;30.97411178
29/07/2024;30.9748272
30/07/2024;30.97554263
31/07/2024;30.97625808
01/08/2024;30.97697355
02/08/2024;30.97768904
03/08/2024;30.97840454
04/08/2024;30.97912005
05/08/2024;30.97983559
06/08/2024;30.98055114
07/08/2024;30.9812667
08/08/2024;30.98221735
09/08/2024;30.98316802
10/08/2024;30.98411873
11/08/2024;30.98506946
12/08/2024;30.98602022
13/08/2024;30.98697101
14/08/2024;30.98792183
15/08/2024;30.98887268
16/08/2024;30.98982356
17/08/2024;30.99077447
18/08/2024;30.99172541
19/08/2024;30.99267638
20/08/2024;30.99362737
21/08/2024;30.9945784
22/08/2024;30.99552945
23/08/2024;30.99648053
24/08/2024;30.99743165
25/08/2024;30.99838279
26/08/2024;30.99933396
27/08/2024;31.00028516
28/08/2024;31.00123639
29/08/2024;31.00218764
30/08/2024;31.00313893
31/08/2024;31.00409025
01/09/2024;31.0050416
02/09/2024;31.00599297
03/09/2024;31.00694437
04/09/2024;31.00789581
05/09/2024;31.00884727
06/09/2024;31.00979876
07/09/2024;31.01075028
08/09/2024;31.01170183
09/09/2024;31.01265341
10/09/2024;31.01360502
11/09/2024;31.01455666
12/09/2024;31.01550833
13/09/2024;31.01646002
14/09/2024;31.01741175
15/09/2024;31.0183635
16/09/2024;31.01931529
17/09/2024;31.0202671
18/09/2024;31.02121894
19/09/2024;31.02217081
20/09/2024;31.02312271
21/09/2024;31.02407464
22/09/2024;31.0250266
23/09/2024;31.02597859
24/09/2024;31.02693061
25/09/2024;31.02788266
26/09/2024;31.02883473
27/09/2024;31.02978684
28/09/2024;31.03073897
29/09/2024;31.03169113
30/09/2024;31.03264333
01/10/2024;31.03359555
02/10/2024;31.0345478
03/10/2024;31.03550008
04/10/2024;30.61234754
05/10/2024;30.61328687
06/10/2024;30.61422622
07/10/2024;30.61516561
08/10/2024;30.61610502
09/10/2024;30.61704446
10/10/2024;30.61798393
11/10/2024;30.61892343
12/10/2024;30.61986295
13/10/2024;30.62080251
14/10/2024;30.62174209
15/10/2024;30.62268171
16/10/2024;30.62362135
17/10/2024;30.62456102
18/10/2024;30.62550072
19/10/2024;30.62644045
20/10/2024;30.62738021
21/10/2024;30.62832
22/10/2024;30.62925981
23/10/2024;30.63019966
24/10/2024;30.63113953
25/10/2024;30.63207943
26/10/2024;30.63301936
27/10/2024;30.63395932
28/10/2024;30.63489931
29/10/2024;30.63583933
30/10/2024;30.63677937
31/10/2024;30.63771945
01/11/2024;30.63865955
02/11/2024;30.63959969
03/11/2024;30.64053985
04/11/2024;30.64148004
05/11/2024;30.64242026
06/11/2024;30.64336051
07/11/2024;30.64430078
08/11/2024;30.64524109
09/11/2024;30.64618142
10/11/2024;30.64712179
11/11/2024;30.64806218
12/11/2024;30.6490026
13/11/2024;30.64994305
14/11/2024;30.65088353
15/11/2024;30.65182404
16/11/2024;30.65276457
17/11/2024;30.65370514
18/11/2024;30.65464573
19/11/2024;30.65558636
20/11/2024;30.65652701
21/11/2024;30.65746769
22/11/2024;30.6584084
23/11/2024;30.65934914
24/11/2024;30.66028991
25/11/2024;30.6612307
26/11/2024;30.66217153
27/11/2024;30.66311238
28/11/2024;30.66405327
29/11/2024;30.66499418
30/11/2024;30.66593512
01/12/2024;30.66687609
02/12/2024;30.66781709
03/12/2024;30.66875812
04/12/2024;30.66969917
05/12/2024;30.67064026
06/12/2024;30.67158137
07/12/2024;30.67252251
08/12/2024;30.67346369
09/12/2024;30.67440489
10/12/2024;30.67534612
11/12/2024;30.67628737
12/12/2024;30.67722866
13/12/2024;30.67816998
14/12/2024;30.67911132
15/12/2024;30.6800527
16/12/2024;30.6809941
17/12/2024;30.68193553
18/12/2024;30.68287699
19/12/2024;30.68381848
20/12/2024;30.68476
21/12/2024;30.68570155
22/12/2024;30.68664312
23/12/2024;30.68758473
24/12/2024;30.68852636
25/12/2024;30.68946803
26/12/2024;30.27426852
27/12/2024;30.27519748
28/12/2024;30.27612646
29/12/2024;30.27705546
30/12/2024;30.2779845
31/12/2024;30.27891357
01/01/2025;30.27984266
02/01/2025;30.28077178
03/01/2025;30.28170094
04/01/2025;30.28263012
05/01/2025;30.28355932
06/01/2025;30.28448856
07/01/2025;30.28541783
08/01/2025;30.28634712
09/01/2025;30.28727644
10/01/2025;30.28820579
11/01/2025;30.28913517
12/01/2025;30.29006458
13/01/2025;30.29099402
14/01/2025;30.29192348
15/01/2025;30.29285297
16/01/2025;30.2937825
17/01/2025;30.29471205
18/01/2025;30.29564163
19/01/2025;30.29657123
20/01/2025;30.29750087
21/01/2025;30.29843053
22/01/2025;30.29936023
23/01/2025;30.30028995
24/01/2025;30.3012197
25/01/2025;30.30214948
26/01/2025;30.30307928
27/01/2025;30.30400912
28/01/2025;30.30493898
29/01/2025;30.30586888
30/01/2025;30.3067988
31/01/2025;30.30772875
01/02/2025;30.30865873
02/02/2025;30.30958873
03/02/2025;30.31051877
04/02/2025;30.31144883
05/02/2025;30.31237892
06/02/2025;30.31330905
07/02/2025;30.3142392
08/02/2025;30.31516937
09/02/2025;30.31609958
10/02/2025;30.31702982
11/02/2025;30.31796008
12/02/2025;30.31889037
13/02/2025;30.31982069
14/02/2025;30.32075104
15/02/2025;30.32168142
16/02/2025;30.32261183
17/02/2025;30.32354226
18/02/2025;30.32447272
19/02/2025;30.32540322
20/02/2025;30.32633374
21/02/2025;30.32726429
22/02/2025;30.32819486
23/02/2025;30.32912547
24/02/2025;30.33005611
25/02/2025;30.33098677
26/02/2025;30.33191746
27/02/2025;30.33284818
28/02/2025;30.33377893
01/03/2025;30.33470971
02/03/2025;30.33564051
03/03/2025;30.33657135
04/03/2025;30.33750221
05/03/2025;30.3384331
06/03/2025;30.33936403
07/03/2025;30.34029497
08/03/2025;30.34122595
09/03/2025;30.34215696
10/03/2025;30.34308799
11/03/2025;30.34401906
12/03/2025;30.34495015
13/03/2025;30.34588127
14/03/2025;30.34681242
15/03/2025;30.3477436
16/03/2025;30.3486748
17/03/2025;30.34960604
18/03/2025;30.3505373
19/03/2025;30.35146859
20/03/2025;30.35239991
21/03/2025;30.35333126
22/03/2025;30.35426264
23/03/2025;30.35519405
24/03/2025;30.35612548
25/03/2025;30.35705694
26/03/2025;30.35798844
27/03/2025;30.35891996
28/03/2025;30.3598515
29/03/2025;30.36078308
30/03/2025;30.36171469
31/03/2025;30.36264632
01/04/2025;30.36357799
02/04/2025;30.36450968
03/04/2025;30.3654414
04/04/2025;30.36637315
05/04/2025;30.36730493
06/04/2025;30.36823673
07/04/2025;30.36916857
08/04/2025;30.37010043
09/04/2025;30.37103232
10/04/2025;30.37196425
11/04/2025;30.37289619
12/04/2025;30.37382817
13/04/2025;30.37476018
14/04/2025;30.37569221
15/04/2025;30.37662428
16/04/2025;30.37755637
17/04/2025;30.37848849
18/04/2025;30.37942064
19/04/2025;30.38035282
20/04/2025;30.38128503
21/04/2025;30.38221726
22/04/2025;30.38314953
23/04/2025;30.38408182
24/04/2025;30.38501414
25/04/2025;30.38594649
26/04/2025;30.38687887
27/04/2025;30.38781127
28/04/2025;30.38874371
29/04/2025;30.38967617
30/04/2025;30.39060867
01/05/2025;30.39154119
02/05/2025;30.39247374
03/05/2025;30.39340632
04/05/2025;30.39433892
05/05/2025;30.39527156
06/05/2025;30.39620423
07/05/2025;30.39713692
08/05/2025;30.39806964
09/05/2025;30.39900239
10/05/2025;30.39993517
11/05/2025;30.40086798
12/05/2025;30.40180081
13/05/2025;30.40273368
14/05/2025;30.40366657
15/05/2025;30.40459949
16/05/2025;30.40553245
17/05/2025;30.40646542
18/05/2025;30.40739843
19/05/2025;30.40833147
20/05/2025;30.40926453
21/05/2025;30.41019763
22/05/2025;30.41113075
23/05/2025;30.4120639
24/05/2025;30.41299708
25/05/2025;30.41393029
26/05/2025;30.41486353
27/05/2025;30.41579679
28/05/2025;30.41673009
29/05/2025;30.41766341
30/05/2025;30.41859676
31/05/2025;30.41953014
01/06/2025;30.42046355
02/06/2025;30.42139699
03/06/2025;30.42233046
04/06/2025;30.42326395
05/06/2025;29.96505599
06/06/2025;29.96597546
07/06/2025;29.96689495
08/06/2025;29.96781447
09/06/2025;29.96873402
10/06/2025;29.96965359
11/06/2025;29.9705732
12/06/2025;29.97149283
13/06/2025;29.97241249
14/06/2025;29.97333218
15/06/2025;29.9742519
16/06/2025;29.97517165
17/06/2025;29.97609142
18/06/2025;29.97701122
19/06/2025;29.97793105
20/06/2025;29.97885091
21/06/2025;29.9797708
22/06/2025;29.98069071
23/06/2025;29.98161066
24/06/2025;29.98253063
25/06/2025;29.98345063
26/06/2025;29.98437066
27/06/2025;29.98529071
28/06/2025;29.9862108
29/06/2025;29.98713091
30/06/2025;29.98805105
01/07/2025;29.98897122
02/07/2025;29.98989142
03/07/2025;29.99081164
04/07/2025;29.9917319
05/07/2025;29.99265218
06/07/2025;29.99357249
07/07/2025;29.99449283
08/07/2025;29.99541319
09/07/2025;29.99633359
10/07/2025;29.99725401
11/07/2025;29.99817446
12/07/2025;29.99909494
13/07/2025;30.00001545
14/07/2025;30.00093599
15/07/2025;30.00185655
16/07/2025;30.00277715
17/07/2025;30.00369777
18/07/2025;30.00461842
19/07/2025;30.00553909
20/07/2025;30.0064598
21/07/2025;30.00738053
22/07/2025;30.0083013
23/07/2025;30.00922209
24/07/2025;30.01014291
25/07/2025;30.01106375
26/07/2025;30.01198463
27/07/2025;30.01290553
28/07/2025;30.01382646
29/07/2025;30.01474742
30/07/2025;30.01566841
31/07/2025;30.01658943
01/08/2025;30.01751047
02/08/2025;30.01843155
03/08/2025;30.01935265
04/08/2025;30.02027378
05/08/2025;30.02119494
06/08/2025;30.02211612
07/08/2025;30.02318289
08/08/2025;30.0242497
09/08/2025;30.02531655
10/08/2025;30.02638343
11/08/2025;30.02745036
12/08/2025;30.02851732
13/08/2025;30.02958431
14/08/2025;30.03065135
15/08/2025;30.03171843
16/08/2025;30.03278554
17/08/2025;30.03385269
18/08/2025;30.03491988
19/08/2025;30.0359871
20/08/2025;30.03705437
21/08/2025;30.03812167
22/08/2025;30.03918901
23/08/2025;30.04025639
24/08/2025;30.0413238
25/08/2025;30.04239125
26/08/2025;30.04345875
27/08/2025;30.04452628
28/08/2025;30.04559384
29/08/2025;30.04666145
30/08/2025;30.04772909
31/08/2025;30.04879677
01/09/2025;30.04986449
02/09/2025;30.05093225
03/09/2025;30.05200004
04/09/2025;30.05306788
05/09/2025;30.05413575
06/09/2025;30.05520366
07/09/2025;30.0562716
08/09/2025;30.05733959
09/09/2025;30.05840761
10/09/2025;30.05947567
11/09/2025;30.06054377
12/09/2025;30.06161191
13/09/2025;30.06268008
14/09/2025;30.06374829
15/09/2025;30.06481654
16/09/2025;30.06588483
17/09/2025;30.06695316
18/09/2025;30.06802152
19/09/2025;30.06908992
20/09/2025;30.07015836
21/09/2025;30.07122684
22/09/2025;30.07229536
23/09/2025;30.07336391
24/09/2025;30.0744325
25/09/2025;30.07550113
26/09/2025;30.0765698
27/09/2025;30.07763851
28/09/2025;30.07870725
29/09/2025;30.07977603
30/09/2025;30.08084485
01/10/2025;30.08191371
02/10/2025;30.08298261
03/10/2025;30.08405154
04/10/2025;30.08512051
05/10/2025;30.08618952
06/10/2025;29.67977215
07/10/2025;29.68082676
08/10/2025;29.6818814
09/10/2025;29.68293608
10/10/2025;29.6839908
11/10/2025;29.68504556
12/10/2025;29.68610035
13/10/2025;29.68715518
14/10/2025;29.68821005
15/10/2025;29.68926496
16/10/2025;29.6903199
17/10/2025;29.69137488
18/10/2025;29.6924299
19/10/2025;29.69348496
20/10/2025;29.69454005
21/10/2025;29.69559518
22/10/2025;29.69665035
23/10/2025;29.69770556
24/10/2025;29.6987608
25/10/2025;29.69981608
26/10/2025;29.7008714
27/10/2025;29.70192676
28/10/2025;29.70298215
29/10/2025;29.70403758
30/10/2025;29.70509305
31/10/2025;29.70614856
01/11/2025;29.7072041
02/11/2025;29.70825968
03/11/2025;29.7093153
04/11/2025;29.71037096
05/11/2025;29.71142665
06/11/2025;29.71248238
07/11/2025;29.71353815
08/11/2025;29.71459396
09/11/2025;29.7156498
10/11/2025;29.71670569
11/11/2025;29.7177616
12/11/2025;29.71881756
13/11/2025;29.71987355
14/11/2025;29.72092959
15/11/2025;29.72198566
16/11/2025;29.72304176
17/11/2025;29.72409791
18/11/2025;29.72515409
19/11/2025;29.72621031
20/11/2025;29.72726656
21/11/2025;29.72832286
22/11/2025;29.72937919
23/11/2025;29.73043556
24/11/2025;29.73149197
25/11/2025;29.73254841
26/11/2025;29.73360489
27/11/2025;29.73466141
28/11/2025;29.73571797
29/11/2025;29.73677456
30/11/2025;29.73783119
01/12/2025;29.73888786
02/12/2025;29.73994457
03/12/2025;29.74100132
04/12/2025;29.7420581
05/12/2025;29.74311492
06/12/2025;29.74417178
07/12/2025;29.74522867
08/12/2025;29.7462856
09/12/2025;29.74734257
10/12/2025;29.74839958
11/12/2025;29.74945663
12/12/2025;29.75051371
13/12/2025;29.75157083
14/12/2025;29.75262799
15/12/2025;29.75368518
16/12/2025;29.75474241
17/12/2025;29.75579969
18/12/2025;29.75685699
19/12/2025;29.75791434
20/12/2025;29.75897172
21/12/2025;29.76002914
22/12/2025;29.7610866
23/12/2025;29.7621441
24/12/2025;29.76320163
25/12/2025;29.7642592
26/12/2025;29.36622665
27/12/2025;29.36727012
28/12/2025;29.36831362
29/12/2025;29.36935716
30/12/2025;29.37040073
31/12/2025;29.37144435
01/01/2026;29.372488
02/01/2026;29.37353169
03/01/2026;29.37457541
04/01/2026;29.37561917
05/01/2026;29.37666297
06/01/2026;29.37770681
07/01/2026;29.37875068
08/01/2026;29.37979459
09/01/2026;29.38083854
10/01/2026;29.38188253
11/01/2026;29.38292655
12/01/2026;29.38397061
13/01/2026;29.3850147
14/01/2026;29.38605883
15/01/2026;29.387103
16/01/2026;29.38814721
17/01/2026;29.38919146
18/01/2026;29.39023574
19/01/2026;29.39128006
20/01/2026;29.39232441
21/01/2026;29.3933688
22/01/2026;29.39441323
23/01/2026;29.3954577
24/01/2026;29.39650221
25/01/2026;29.39754675
26/01/2026;29.39859133
27/01/2026;29.39963594
28/01/2026;29.40068059
29/01/2026;29.40172528
30/01/2026;29.40277001
31/01/2026;29.40381477
01/02/2026;29.40485957
02/02/2026;29.40590441
03/02/2026;29.40694929
04/02/2026;29.4079942
05/02/2026;29.40903915
06/02/2026;29.41008414
07/02/2026;29.41112916
08/02/2026;29.41217422
09/02/2026;29.41321932
10/02/2026;29.41426446
11/02/2026;29.41530963
12/02/2026;29.41635484
13/02/2026;29.41740008
14/02/2026;29.41844537
15/02/2026;29.41949069
16/02/2026;29.42053605
17/02/2026;29.42158144
18/02/2026;29.42262687
19/02/2026;29.42367234
20/02/2026;29.42471785
21/02/2026;29.42576339
22/02/2026;29.42680897
23/02/2026;29.42785459
24/02/2026;29.42890025
25/02/2026;29.42994594
26/02/2026;29.43099167
27/02/2026;29.43203744
28/02/2026;29.43308324
01/03/2026;29.43412908
02/03/2026;29.43517496
03/03/2026;29.43622088
04/03/2026;29.43726683
05/03/2026;29.43831282
06/03/2026;29.43935884
07/03/2026;29.44040491
08/03/2026;29.44145101
09/03/2026;29.44249715
10/03/2026;29.44354332
11/03/2026;29.44458954
12/03/2026;29.44563579
13/03/2026;29.44668207
14/03/2026;29.4477284
15/03/2026;29.44877476
16/03/2026;29.44982116
17/03/2026;29.45086759
18/03/2026;29.45191407
19/03/2026;29.45296058
20/03/2026;29.45400712
21/03/2026;29.45505371
22/03/2026;29.45610033
23/03/2026;29.45714699
24/03/2026;29.45819369
25/03/2026;29.45924042
26/03/2026;29.46028719
27/03/2026;29.461334
28/03/2026;29.46238084
29/03/2026;29.46342772
30/03/2026;29.46447464
31/03/2026;29.4655216
01/04/2026;29.46656859
02/04/2026;29.46761562
03/04/2026;29.46866269
04/04/2026;29.4697098
05/04/2026;29.47075694
06/04/2026;29.47180412
07/04/2026;29.47285134
08/04/2026;29.47389859
09/04/2026;29.47494588
10/04/2026;29.47599321
11/04/2026;29.47704058
12/04/2026;29.47808798
13/04/2026;29.47913542
14/04/2026;29.4801829
15/04/2026;29.48123041
16/04/2026;29.48227796
17/04/2026;29.48332555
18/04/2026;29.48437318
19/04/2026;29.48542084
20/04/2026;29.48646854
21/04/2026;29.48751628
22/04/2026;29.48856406
23/04/2026;29.48961187
24/04/2026;29.49065972
25/04/2026;29.4917076
26/04/2026;29.49275553
27/04/2026;29.49380349
28/04/2026;29.49485149
29/04/2026;29.49589952
30/04/2026;29.4969476
01/05/2026;29.49799571
02/05/2026;29.49904386
03/05/2026;29.50009204
04/05/2026;29.50114026
05/05/2026;29.50218852
06/05/2026;29.50323682
07/05/2026;29.50428515
08/05/2026;29.50533352
09/05/2026;29.50638193
10/05/2026;29.50743038
11/05/2026;29.50847886
12/05/2026;29.50952738
13/05/2026;29.51057594
14/05/2026;29.51162453
15/05/2026;29.51267316
16/05/2026;29.51372183
17/05/2026;29.51477054
18/05/2026;29.51581928
19/05/2026;29.51686806
20/05/2026;29.51791688
21/05/2026;29.51896574
22/05/2026;29.52001463
23/05/2026;29.52106356
24/05/2026;29.52211253
25/05/2026;29.52316153
26/05/2026;29.52421057
27/05/2026;29.52525965
28/05/2026;29.52630877
29/05/2026;29.52735792
30/05/2026;29.52840711
31/05/2026;29.52945634
01/06/2026;29.53050561
02/06/2026;29.53155491
03/06/2026;29.53260425
04/06/2026;29.53365363
05/06/2026;29.0936688
06/06/2026;29.09470258
07/06/2026;29.0957364
08/06/2026;29.09677025
09/06/2026;29.09780414
10/06/2026;29.09883807
11/06/2026;29.09987203
12/06/2026;29.10090603
13/06/2026;29.10194007
14/06/2026;29.10297415
15/06/2026;29.10400826
16/06/2026;29.10504241
17/06/2026;29.10607659
18/06/2026;29.10711081
19/06/2026;29.10814507
20/06/2026;29.10917937
21/06/2026;29.1102137
22/06/2026;29.11124807
23/06/2026;29.11228247
24/06/2026;29.11331691
25/06/2026;29.11435139
26/06/2026;29.11538591
27/06/2026;29.11642046
28/06/2026;29.11745505
29/06/2026;29.11848967
30/06/2026;29.11952434
01/07/2026;29.12055904
02/07/2026;29.12159377
03/07/2026;29.12262855
04/07/2026;29.12366336
05/07/2026;29.1246982
06/07/2026;29.12573309
07/07/2026;29.12676801
08/07/2026;29.12780296
09/07/2026;29.12883796
10/07/2026;29.12987299
11/07/2026;29.13090805
12/07/2026;29.13194316
13/07/2026;29.1329783
14/07/2026;29.13401348
15/07/2026;29.13504869
16/07/2026;29.13608394
17/07/2026;29.13711923
18/07/2026;29.13815455
19/07/2026;29.13918991
20/07/2026;29.14022531
21/07/2026;29.14126075
22/07/2026;29.14229622
23/07/2026;29.14333173
24/07/2026;29.14436727
25/07/2026;29.14540286
26/07/2026;29.14643847
27/07/2026;29.14747413
28/07/2026;29.14850982
29/07/2026;29.14954555
30/07/2026;29.15058132
31/07/2026;29.15161712
01/08/2026;29.15265296
02/08/2026;29.15368884
03/08/2026;29.15472475
04/08/2026;29.1557607
05/08/2026;29.15679669
06/08/2026;29.15783271
07/08/2026;29.15900445
08/08/2026;29.16017624
09/08/2026;29.16134808
10/08/2026;29.16251996
11/08/2026;29.16369189
12/08/2026;29.16486386
13/08/2026;29.16603589
14/08/2026;29.16720796
15/08/2026;29.16838008
16/08/2026;29.16955224
17/08/2026;29.17072445
18/08/2026;29.17189671
19/08/2026;29.17306902
20/08/2026;29.17424137
21/08/2026;29.17541377
22/08/2026;29.17658622
23/08/2026;29.17775872
24/08/2026;29.17893126
25/08/2026;29.18010385
26/08/2026;29.18127648
27/08/2026;29.18244917
28/08/2026;29.1836219
29/08/2026;29.18479467
30/08/2026;29.1859675
31/08/2026;29.18714037
01/09/2026;29.18831329
02/09/2026;29.18948626
03/09/2026;29.19065927
04/09/2026;29.19183233
05/09/2026;29.19300544
06/09/2026;29.19417859
07/09/2026;29.19535179
08/09/2026;29.19652504
09/09/2026;29.19769834
10/09/2026;29.19887168
11/09/2026;29.20004507
12/09/2026;29.20121851
13/09/2026;29.20239199
14/09/2026;29.20356553
15/09/2026;29.2047391
16/09/2026;29.20591273
17/09/2026;29.2070864
18/09/2026;29.20826012
19/09/2026;29.20943389
20/09/2026;29.21060771
21/09/2026;29.21178157
22/09/2026;29.21295548
23/09/2026;29.21412943
24/09/2026;29.21530344
25/09/2026;29.21647749
26/09/2026;29.21765159
27/09/2026;29.21882573
28/09/2026;29.21999992
29/09/2026;29.22117416
30/09/2026;29.22234845
01/10/2026;29.22352278
02/10/2026;29.22469716
03/10/2026;29.22587159
04/10/2026;29.22704607
05/10/2026;28.83564079
06/10/2026;28.83679958
07/10/2026;28.83795842
08/10/2026;28.83911731
09/10/2026;28.84027624
10/10/2026;28.84143522
11/10/2026;28.84259425
12/10/2026;28.84375332
13/10/2026;28.84491244
14/10/2026;28.84607161
15/10/2026;28.84723082
16/10/2026;28.84839008
17/10/2026;28.84954939
18/10/2026;28.85070874
19/10/2026;28.85186814
20/10/2026;28.85302758
21/10/2026;28.85418707
22/10/2026;28.85534661
23/10/2026;28.8565062
24/10/2026;28.85766583
25/10/2026;28.85882551
26/10/2026;28.85998523
27/10/2026;28.86114501
28/10/2026;28.86230482
29/10/2026;28.86346469
30/10/2026;28.8646246
31/10/2026;28.86578456
01/11/2026;28.86694456
02/11/2026;28.86810462
03/11/2026;28.86926471
04/11/2026;28.87042486
05/11/2026;28.87158505
06/11/2026;28.87274529
07/11/2026;28.87390557
08/11/2026;28.8750659
09/11/2026;28.87622628
10/11/2026;28.87738671
11/11/2026;28.87854718
12/11/2026;28.87970769
13/11/2026;28.88086826
14/11/2026;28.88202887
15/11/2026;28.88318953
16/11/2026;28.88435023
17/11/2026;28.88551098
18/11/2026;28.88667178
19/11/2026;28.88783262
20/11/2026;28.88899352
21/11/2026;28.89015445
22/11/2026;28.89131544
23/11/2026;28.89247647
24/11/2026;28.89363755
25/11/2026;28.89479867
26/11/2026;28.89595984
27/11/2026;28.89712106
28/11/2026;28.89828232
29/11/2026;28.89944363
30/11/2026;28.90060499
01/12/2026;28.90176639
02/12/2026;28.90292785
03/12/2026;28.90408934
04/12/2026;28.90525089
05/12/2026;28.90641248
06/12/2026;28.90757412
07/12/2026;28.9087358
08/12/2026;28.90989753
09/12/2026;28.91105931
10/12/2026;28.91222113
11/12/2026;28.913383
12/12/2026;28.91454492
13/12/2026;28.91570688
14/12/2026;28.9168689
15/12/2026;28.91803095
16/12/2026;28.91919306
17/12/2026;28.92035521
18/12/2026;28.92151741
19/12/2026;28.92267965
20/12/2026;28.92384194
21/12/2026;28.92500428
22/12/2026;28.92616667
23/12/2026;28.9273291
24/12/2026;28.92849157
25/12/2026;28.9296541
26/12/2026;28.93081667
27/12/2026;28.93197929
28/12/2026;28.54908978
29/12/2026;28.55023706
30/12/2026;28.55138438
31/12/2026;28.55253175
01/01/2027;28.55367917
02/01/2027;28.55482663
03/01/2027;28.55597414
04/01/2027;28.55712169
05/01/2027;28.5582693
06/01/2027;28.55941694
07/01/2027;28.56056464
08/01/2027;28.56171238
09/01/2027;28.56286016
10/01/2027;28.56400799
11/01/2027;28.56515587
12/01/2027;28.56630379
13/01/2027;28.56745176
14/01/2027;28.56859978
15/01/2027;28.56974784
16/01/2027;28.57089595
17/01/2027;28.5720441
18/01/2027;28.5731923
19/01/2027;28.57434055
20/01/2027;28.57548884
21/01/2027;28.57663718
22/01/2027;28.57778557
23/01/2027;28.578934
24/01/2027;28.58008248
25/01/2027;28.581231
26/01/2027;28.58237957
27/01/2027;28.58352819
28/01/2027;28.58467685
29/01/2027;28.58582556
30/01/2027;28.58697431
31/01/2027;28.58812311
01/02/2027;28.58927196
02/02/2027;28.59042085
03/02/2027;28.59156979
04/02/2027;28.59271877
05/02/2027;28.59386781
06/02/2027;28.59501688
07/02/2027;28.59616601
08/02/2027;28.59731518
09/02/2027;28.59846439
10/02/2027;28.59961366
11/02/2027;28.60076296
12/02/2027;28.60191232
13/02/2027;28.60306172
14/02/2027;28.60421117
15/02/2027;28.60536066
16/02/2027;28.6065102
17/02/2027;28.60765978
18/02/2027;28.60880942
19/02/2027;28.60995909
20/02/2027;28.61110882
21/02/2027;28.61225859
22/02/2027;28.61340841
23/02/2027;28.61455827
24/02/2027;28.61570818
25/02/2027;28.61685813
26/02/2027;28.61800813
27/02/2027;28.61915818
28/02/2027;28.62030828
01/03/2027;28.62145842
02/03/2027;28.6226086
03/03/2027;28.62375883
04/03/2027;28.62490911
05/03/2027;28.62605944
06/03/2027;28.62720981
07/03/2027;28.62836023
08/03/2027;28.62951069
09/03/2027;28.6306612
10/03/2027;28.63181176
11/03/2027;28.63296236
12/03/2027;28.63411301
13/03/2027;28.6352637
14/03/2027;28.63641444
15/03/2027;28.63756523
16/03/2027;28.63871606
17/03/2027;28.63986694
18/03/2027;28.64101787
19/03/2027;28.64216884
20/03/2027;28.64331986
21/03/2027;28.64447093
22/03/2027;28.64562204
23/03/2027;28.64677319
24/03/2027;28.6479244
25/03/2027;28.64907565
26/03/2027;28.65022694
27/03/2027;28.65137829
28/03/2027;28.65252968
29/03/2027;28.65368111
30/03/2027;28.65483259
31/03/2027;28.65598412
01/04/2027;28.65713569
02/04/2027;28.65828731
03/04/2027;28.65943898
04/04/2027;28.66059069
05/04/2027;28.66174245
06/04/2027;28.66289426
07/04/2027;28.66404611
08/04/2027;28.66519801
09/04/2027;28.66634995
10/04/2027;28.66750194
11/04/2027;28.66865398
12/04/2027;28.66980606
13/04/2027;28.67095819
14/04/2027;28.67211036
15/04/2027;28.67326259
16/04/2027;28.67441485
17/04/2027;28.67556717
18/04/2027;28.67671953
19/04/2027;28.67787194
20/04/2027;28.67902439
21/04/2027;28.68017689
22/04/2027;28.68132944
23/04/2027;28.68248203
24/04/2027;28.68363467
25/04/2027;28.68478735
26/04/2027;28.68594008
27/04/2027;28.68709286
28/04/2027;28.68824568
29/04/2027;28.68939855
30/04/2027;28.69055147
01/05/2027;28.69170443
02/05/2027;28.69285744
03/05/2027;28.6940105
04/05/2027;28.6951636
05/05/2027;28.69631675
06/05/2027;28.69746994
07/05/2027;28.69862318
08/05/2027;28.69977647
09/05/2027;28.7009298
10/05/2027;28.70208318
11/05/2027;28.70323661
12/05/2027;28.70439008
13/05/2027;28.7055436
14/05/2027;28.70669717
15/05/2027;28.70785078
16/05/2027;28.70900444
17/05/2027;28.71015814
18/05/2027;28.71131189
19/05/2027;28.71246569
20/05/2027;28.71361953
21/05/2027;28.71477342
22/05/2027;28.71592736
23/05/2027;28.71708134
24/05/2027;28.71823537
25/05/2027;28.71938945
26/05/2027;28.72054357
27/05/2027;28.72169774
28/05/2027;28.72285195
29/05/2027;28.72400621
30/05/2027;28.72516052
31/05/2027;28.72631487
01/06/2027;28.72746927
02/06/2027;28.72862372
03/06/2027;28.72977821
04/06/2027;28.73093275
05/06/2027;28.73208734
06/06/2027;28.73324197
07/06/2027;28.30962128
08/06/2027;28.31075894
09/06/2027;28.31189664
10/06/2027;28.31303438
11/06/2027;28.31417218
12/06/2027;28.31531001
13/06/2027;28.3164479
14/06/2027;28.31758583
15/06/2027;28.3187238
16/06/2027;28.31986182
17/06/2027;28.32099989
18/06/2027;28.322138
19/06/2027;28.32327616
20/06/2027;28.32441436
21/06/2027;28.32555261
22/06/2027;28.32669091
23/06/2027;28.32782925
24/06/2027;28.32896763
25/06/2027;28.33010606
26/06/2027;28.33124454
27/06/2027;28.33238307
28/06/2027;28.33352164
29/06/2027;28.33466025
30/06/2027;28.33579891
01/07/2027;28.33693762
02/07/2027;28.33807637
03/07/2027;28.33921517
04/07/2027;28.34035401
05/07/2027;28.3414929
06/07/2027;28.34263184
07/07/2027;28.34377082
08/07/2027;28.34490985
09/07/2027;28.34604892
10/07/2027;28.34718804
11/07/2027;28.3483272
12/07/2027;28.34946641
13/07/2027;28.35060567
14/07/2027;28.35174497
15/07/2027;28.35288432
16/07/2027;28.35402371
17/07/2027;28.35516315
18/07/2027;28.35630264
19/07/2027;28.35744217
20/07/2027;28.35858174
21/07/2027;28.35972137
22/07/2027;28.36086103
23/07/2027;28.36200075
24/07/2027;28.36314051
25/07/2027;28.36428031
26/07/2027;28.36542016
27/07/2027;28.36656006
28/07/2027;28.3677
29/07/2027;28.36883999
30/07/2027;28.36998003
31/07/2027;28.37112011
01/08/2027;28.37226023
02/08/2027;28.37340041
03/08/2027;28.37454062
04/08/2027;28.37568089
05/08/2027;28.3768212
06/08/2027;28.37796155
07/08/2027;28.37920556
08/08/2027;28.38044961
09/08/2027;28.38169373
10/08/2027;28.38293789
11/08/2027;28.38418211
12/08/2027;28.38542639
13/08/2027;28.38667072
14/08/2027;28.3879151
15/08/2027;28.38915954
16/08/2027;28.39040404
17/08/2027;28.39164859
18/08/2027;28.39289319
19/08/2027;28.39413785
20/08/2027;28.39538256
21/08/2027;28.39662733
22/08/2027;28.39787215
23/08/2027;28.39911702
24/08/2027;28.40036195
25/08/2027;28.40160694
26/08/2027;28.40285198
27/08/2027;28.40409707
28/08/2027;28.40534222
29/08/2027;28.40658743
30/08/2027;28.40783268
31/08/2027;28.409078
01/09/2027;28.41032336
02/09/2027;28.41156879
03/09/2027;28.41281426
04/09/2027;28.41405979
05/09/2027;28.41530538
06/09/2027;28.41655102
07/09/2027;28.41779671
08/09/2027;28.41904246
09/09/2027;28.42028827
10/09/2027;28.42153413
11/09/2027;28.42278004
12/09/2027;28.42402601
13/09/2027;28.42527203
14/09/2027;28.42651811
15/09/2027;28.42776424
16/09/2027;28.42901042
17/09/2027;28.43025667
18/09/2027;28.43150296
19/09/2027;28.43274931
20/09/2027;28.43399572
21/09/2027;28.43524218
22/09/2027;28.43648869
23/09/2027;28.43773526
24/09/2027;28.43898188
25/09/2027;28.44022856
26/09/2027;28.44147529
27/09/2027;28.44272208
28/09/2027;28.44396892
29/09/2027;28.44521582
30/09/2027;28.44646277
01/10/2027;28.44770978
02/10/2027;28.44895684
03/10/2027;28.45020395
04/10/2027;28.07260477
05/10/2027;28.07383539
06/10/2027;28.07506606
07/10/2027;28.07629678
08/10/2027;28.07752756
09/10/2027;28.0787584
10/10/2027;28.07998928
11/10/2027;28.08122022
12/10/2027;28.08245122
13/10/2027;28.08368227
14/10/2027;28.08491337
15/10/2027;28.08614453
16/10/2027;28.08737574
17/10/2027;28.088607
18/10/2027;28.08983832
19/10/2027;28.09106969
20/10/2027;28.09230112
21/10/2027;28.0935326
22/10/2027;28.09476414
23/10/2027;28.09599573
24/10/2027;28.09722737
25/10/2027;28.09845906
26/10/2027;28.09969082
27/10/2027;28.10092262
28/10/2027;28.10215448
29/10/2027;28.10338639
30/10/2027;28.10461836
31/10/2027;28.10585038
01/11/2027;28.10708245
02/11/2027;28.10831458
03/11/2027;28.10954676
04/11/2027;28.110779
05/11/2027;28.11201129
06/11/2027;28.11324364
07/11/2027;28.11447604
08/11/2027;28.11570849
09/11/2027;28.11694099
10/11/2027;28.11817356
11/11/2027;28.11940617
12/11/2027;28.12063884
13/11/2027;28.12187156
14/11/2027;28.12310434
15/11/2027;28.12433717
16/11/2027;28.12557006
17/11/2027;28.12680299
18/11/2027;28.12803599
19/11/2027;28.12926903
20/11/2027;28.13050214
21/11/2027;28.13173529
22/11/2027;28.1329685
23/11/2027;28.13420176
24/11/2027;28.13543508
25/11/2027;28.13666845
26/11/2027;28.13790188
27/11/2027;28.13913536
28/11/2027;28.14036889
29/11/2027;28.14160248
30/11/2027;28.14283612
01/12/2027;28.14406982
02/12/2027;28.14530357
03/12/2027;28.14653737
04/12/2027;28.14777123
05/12/2027;28.14900514
06/12/2027;28.15023911
07/12/2027;28.15147313
08/12/2027;28.1527072
09/12/2027;28.15394133
10/12/2027;28.15517552
11/12/2027;28.15640975
12/12/2027;28.15764404
13/12/2027;28.15887839
14/12/2027;28.16011279
15/12/2027;28.16134724
16/12/2027;28.16258175
17/12/2027;28.16381631
18/12/2027;28.16505093
19/12/2027;28.1662856
20/12/2027;28.16752032
21/12/2027;28.1687551
22/12/2027;28.16998993
23/12/2027;28.17122482
24/12/2027;28.17245976
25/12/2027;28.17369475
26/12/2027;28.1749298
27/12/2027;27.80605195
28/12/2027;27.80727088
29/12/2027;27.80848987
30/12/2027;27.80970891
31/12/2027;27.810928
01/01/2028;27.81214715
02/01/2028;27.81336635
03/01/2028;27.8145856
04/01/2028;27.81580491
05/01/2028;27.81702427
06/01/2028;27.81824368
07/01/2028;27.81946315
08/01/2028;27.82068267
09/01/2028;27.82190224
10/01/2028;27.82312187
11/01/2028;27.82434155
12/01/2028;27.82556128
13/01/2028;27.82678107
14/01/2028;27.82800091
15/01/2028;27.82922081
16/01/2028;27.83044075
17/01/2028;27.83166075
18/01/2028;27.83288081
19/01/2028;27.83410092
20/01/2028;27.83532108
21/01/2028;27.8365413
22/01/2028;27.83776156
23/01/2028;27.83898189
24/01/2028;27.84020226
25/01/2028;27.84142269
26/01/2028;27.84264318
27/01/2028;27.84386371
28/01/2028;27.8450843
29/01/2028;27.84630495
30/01/2028;27.84752564
31/01/2028;27.84874639
01/02/2028;27.8499672
02/02/2028;27.85118805
03/02/2028;27.85240897
04/02/2028;27.85362993
05/02/2028;27.85485095
06/02/2028;27.85607202
07/02/2028;27.85729314
08/02/2028;27.85851432
09/02/2028;27.85973556
10/02/2028;27.86095684
11/02/2028;27.86217818
12/02/2028;27.86339957
13/02/2028;27.86462102
14/02/2028;27.86584252
15/02/2028;27.86706407
16/02/2028;27.86828568
17/02/2028;27.86950734
18/02/2028;27.87072905
19/02/2028;27.87195082
20/02/2028;27.87317264
21/02/2028;27.87439452
22/02/2028;27.87561645
23/02/2028;27.87683843
24/02/2028;27.87806046
25/02/2028;27.87928255
26/02/2028;27.8805047
27/02/2028;27.88172689
28/02/2028;27.88294914
29/02/2028;27.88417144
01/03/2028;27.8853938
02/03/2028;27.88661621
03/03/2028;27.88783868
04/03/2028;27.88906119
05/03/2028;27.89028376
06/03/2028;27.89150639
07/03/2028;27.89272907
08/03/2028;27.8939518
09/03/2028;27.89517459
10/03/2028;27.89639742
11/03/2028;27.89762032
12/03/2028;27.89884326
13/03/2028;27.90006626
14/03/2028;27.90128932
15/03/2028;27.90251243
16/03/2028;27.90373559
17/03/2028;27.9049588
18/03/2028;27.90618207
19/03/2028;27.90740539
20/03/2028;27.90862877
21/03/2028;27.9098522
22/03/2028;27.91107568
23/03/2028;27.91229921
24/03/2028;27.9135228
25/03/2028;27.91474645
26/03/2028;27.91597014
27/03/2028;27.9171939
28/03/2028;27.9184177
29/03/2028;27.91964156
30/03/2028;27.92086547
31/03/2028;27.92208944
01/04/2028;27.92331345
02/04/2028;27.92453753
03/04/2028;27.92576165
04/04/2028;27.92698583
05/04/2028;27.92821007
06/04/2028;27.92943436
07/04/2028;27.9306587
08/04/2028;27.93188309
09/04/2028;27.93310754
10/04/2028;27.93433204
11/04/2028;27.9355566
12/04/2028;27.93678121
13/04/2028;27.93800587
14/04/2028;27.93923059
15/04/2028;27.94045536
16/04/2028;27.94168018
17/04/2028;27.94290506
18/04/2028;27.94412999
19/04/2028;27.94535498
20/04/2028;27.94658002
21/04/2028;27.94780511
22/04/2028;27.94903025
23/04/2028;27.95025545
24/04/2028;27.95148071
25/04/2028;27.95270602
26/04/2028;27.95393138
27/04/2028;27.95515679
28/04/2028;27.95638226
29/04/2028;27.95760778
30/04/2028;27.95883336
01/05/2028;27.96005899
02/05/2028;27.96128467
03/05/2028;27.96251041
04/05/2028;27.9637362
05/05/2028;27.96496205
06/05/2028;27.96618794
07/05/2028;27.9674139
08/05/2028;27.9686399
09/05/2028;27.96986596
10/05/2028;27.97109208
11/05/2028;27.97231824
12/05/2028;27.97354446
13/05/2028;27.97477074
14/05/2028;27.97599707
15/05/2028;27.97722345
16/05/2028;27.97844989
17/05/2028;27.97967638
18/05/2028;27.98090292
19/05/2028;27.98212952
20/05/2028;27.98335617
21/05/2028;27.98458287
22/05/2028;27.98580963
23/05/2028;27.98703644
24/05/2028;27.98826331
25/05/2028;27.98949023
26/05/2028;27.9907172
27/05/2028;27.99194423
28/05/2028;27.99317131
29/05/2028;27.99439845
30/05/2028;27.99562564
31/05/2028;27.99685288
01/06/2028;27.99808018
02/06/2028;27.99930753
03/06/2028;28.00053493
04/06/2028;28.00176239
05/06/2028;27.59346853
06/06/2028;27.59467814
07/06/2028;27.59588781
08/06/2028;27.59709753
09/06/2028;27.5983073
10/06/2028;27.59951712
11/06/2028;27.600727
12/06/2028;27.60193693
13/06/2028;27.60314692
14/06/2028;27.60435696
15/06/2028;27.60556705
16/06/2028;27.60677719
17/06/2028;27.60798739
18/06/2028;27.60919764
19/06/2028;27.61040794
20/06/2028;27.6116183
21/06/2028;27.61282871
22/06/2028;27.61403917
23/06/2028;27.61524968
24/06/2028;27.61646025
25/06/2028;27.61767087
26/06/2028;27.61888155
27/06/2028;27.62009227
28/06/2028;27.62130305
29/06/2028;27.62251389
30/06/2028;27.62372477
01/07/2028;27.62493571
02/07/2028;27.62614671
03/07/2028;27.62735775
04/07/2028;27.62856885
05/07/2028;27.62978
06/07/2028;27.63099121
07/07/2028;27.63220247
08/07/2028;27.63341378
09/07/2028;27.63462514
10/07/2028;27.63583656
11/07/2028;27.63704803
12/07/2028;27.63825955
13/07/2028;27.63947113
14/07/2028;27.64068276
15/07/2028;27.64189444
16/07/2028;27.64310618
17/07/2028;27.64431797
18/07/2028;27.64552981
19/07/2028;27.64674171
20/07/2028;27.64795366
21/07/2028;27.64916566
22/07/2028;27.65037771
23/07/2028;27.65158982
24/07/2028;27.65280198
25/07/2028;27.6540142
26/07/2028;27.65522647
27/07/2028;27.65643879
28/07/2028;27.65765116
29/07/2028;27.65886359
30/07/2028;27.66007607
31/07/2028;27.6612886
01/08/2028;27.66250119
02/08/2028;27.66371383
03/08/2028;27.66492652
04/08/2028;27.66613926
05/08/2028;27.66735206
06/08/2028;27.66856492
07/08/2028;27.66977782
08/08/2028;27.67099078
09/08/2028;27.67226901
10/08/2028;27.6735473
11/08/2028;27.67482565
12/08/2028;27.67610406
13/08/2028;27.67738253
14/08/2028;27.67866105
15/08/2028;27.67993964
16/08/2028;27.68121828
17/08/2028;27.68249699
18/08/2028;27.68377575
19/08/2028;27.68505457
20/08/2028;27.68633345
21/08/2028;27.68761239
22/08/2028;27.68889139
23/08/2028;27.69017045
24/08/2028;27.69144957
25/08/2028;27.69272874
26/08/2028;27.69400798
27/08/2028;27.69528727
28/08/2028;27.69656662
29/08/2028;27.69784604
30/08/2028;27.69912551
31/08/2028;27.70040504
01/09/2028;27.70168463
02/09/2028;27.70296428
03/09/2028;27.70424399
04/09/2028;27.70552375
05/09/2028;27.70680358
06/09/2028;27.70808347
07/09/2028;27.70936341
08/09/2028;27.71064341
09/09/2028;27.71192348
10/09/2028;27.7132036
11/09/2028;27.71448378
12/09/2028;27.71576402
13/09/2028;27.71704432
14/09/2028;27.71832468
15/09/2028;27.7196051
16/09/2028;27.72088557
17/09/2028;27.72216611
18/09/2028;27.7234467
19/09/2028;27.72472736
20/09/2028;27.72600807
21/09/2028;27.72728885
22/09/2028;27.72856968
23/09/2028;27.72985057
24/09/2028;27.73113152
25/09/2028;27.73241253
26/09/2028;27.7336936
27/09/2028;27.73497472
28/09/2028;27.73625591
29/09/2028;27.73753716
30/09/2028;27.73881846
01/10/2028;27.74009983
02/10/2028;27.74138125
03/10/2028;27.74266273
04/10/2028;27.37805784
05/10/2028;27.37932254
06/10/2028;27.3805873
07/10/2028;27.38185212
08/10/2028;27.38311699
09/10/2028;27.38438192
10/10/2028;27.38564691
11/10/2028;27.38691196
12/10/2028;27.38817707
13/10/2028;27.38944224
14/10/2028;27.39070747
15/10/2028;27.39197275
16/10/2028;27.39323809
17/10/2028;27.39450349
18/10/2028;27.39576895
19/10/2028;27.39703447
20/10/2028;27.39830004
21/10/2028;27.39956568
22/10/2028;27.40083137
23/10/2028;27.40209712
24/10/2028;27.40336293
25/10/2028;27.4046288
26/10/2028;27.40589473
27/10/2028;27.40716071
28/10/2028;27.40842676
29/10/2028;27.40969286
30/10/2028;27.41095902
31/10/2028;27.41222524
01/11/2028;27.41349152
02/11/2028;27.41475785
03/11/2028;27.41602425
04/11/2028;27.4172907
05/11/2028;27.41855721
06/11/2028;27.41982378
07/11/2028;27.42109041
08/11/2028;27.4223571
09/11/2028;27.42362385
10/11/2028;27.42489065
11/11/2028;27.42615751
12/11/2028;27.42742444
13/11/2028;27.42869142
14/11/2028;27.42995845
15/11/2028;27.43122555
16/11/2028;27.43249271
17/11/2028;27.43375992
18/11/2028;27.43502719
19/11/2028;27.43629452
20/11/2028;27.43756191
21/11/2028;27.43882936
22/11/2028;27.44009687
23/11/2028;27.44136443
24/11/2028;27.44263206
25/11/2028;27.44389974
26/11/2028;27.44516748
27/11/2028;27.44643528
28/11/2028;27.44770314
29/11/2028;27.44897105
30/11/2028;27.45023903
01/12/2028;27.45150706
02/12/2028;27.45277516
03/12/2028;27.45404331
04/12/2028;27.45531152
05/12/2028;27.45657978
06/12/2028;27.45784811
07/12/2028;27.4591165
08/12/2028;27.46038494
09/12/2028;27.46165344
10/12/2028;27.462922
11/12/2028;27.46419062
12/12/2028;27.4654593
13/12/2028;27.46672804
14/12/2028;27.46799683
15/12/2028;27.46926569
16/12/2028;27.4705346
17/12/2028;27.47180357
18/12/2028;27.4730726
19/12/2028;27.47434169
20/12/2028;27.47561084
21/12/2028;27.47688004
22/12/2028;27.47814931
23/12/2028;27.47941863
24/12/2028;27.48068801
25/12/2028;27.48195745
26/12/2028;27.12607875
27/12/2028;27.12733181
28/12/2028;27.12858492
29/12/2028;27.1298381
30/12/2028;27.13109133
31/12/2028;27.13234462
01/01/2029;27.13359797
02/01/2029;27.13485138
03/01/2029;27.13610484
04/01/2029;27.13735837
05/01/2029;27.13861195
06/01/2029;27.13986559
07/01/2029;27.14111928
08/01/2029;27.14237304
09/01/2029;27.14362685
10/01/2029;27.14488072
11/01/2029;27.14613465
12/01/2029;27.14738863
13/01/2029;27.14864268
14/01/2029;27.14989678
15/01/2029;27.15115094
16/01/2029;27.15240516
17/01/2029;27.15365943
18/01/2029;27.15491377
19/01/2029;27.15616816
20/01/2029;27.15742261
21/01/2029;27.15867711
22/01/2029;27.15993168
23/01/2029;27.1611863
24/01/2029;27.16244099
25/01/2029;27.16369572
26/01/2029;27.16495052
27/01/2029;27.16620538
28/01/2029;27.16746029
29/01/2029;27.16871526
30/01/2029;27.16997029
31/01/2029;27.17122538
01/02/2029;27.17248052
02/02/2029;27.17373573
03/02/2029;27.17499099
04/02/2029;27.17624631
05/02/2029;27.17750168
06/02/2029;27.17875712
07/02/2029;27.18001261
08/02/2029;27.18126816
09/02/2029;27.18252377
10/02/2029;27.18377944
11/02/2029;27.18503516
12/02/2029;27.18629095
13/02/2029;27.18754679
14/02/2029;27.18880269
15/02/2029;27.19005864
16/02/2029;27.19131466
17/02/2029;27.19257073
18/02/2029;27.19382686
19/02/2029;27.19508305
20/02/2029;27.1963393
21/02/2029;27.1975956
22/02/2029;27.19885197
23/02/2029;27.20010839
24/02/2029;27.20136487
25/02/2029;27.2026214
26/02/2029;27.203878
27/02/2029;27.20513465
28/02/2029;27.20639136
01/03/2029;27.20764813
02/03/2029;27.20890496
03/03/2029;27.21016185
04/03/2029;27.21141879
05/03/2029;27.21267579
06/03/2029;27.21393285
07/03/2029;27.21518997
08/03/2029;27.21644715
09/03/2029;27.21770438
10/03/2029;27.21896167
11/03/2029;27.22021902
12/03/2029;27.22147643
13/03/2029;27.2227339
14/03/2029;27.22399142
15/03/2029;27.225249
16/03/2029;27.22650664
17/03/2029;27.22776434
18/03/2029;27.2290221
19/03/2029;27.23027991
20/03/2029;27.23153779
21/03/2029;27.23279572
22/03/2029;27.23405371
23/03/2029;27.23531176
24/03/2029;27.23656986
25/03/2029;27.23782802
26/03/2029;27.23908625
27/03/2029;27.24034453
28/03/2029;27.24160286
29/03/2029;27.24286126
30/03/2029;27.24411971
31/03/2029;27.24537823
01/04/2029;27.2466368
02/04/2029;27.24789543
03/04/2029;27.24915411
04/04/2029;27.25041286
05/04/2029;27.25167166
06/04/2029;27.25293052
07/04/2029;27.25418944
08/04/2029;27.25544842
09/04/2029;27.25670745
10/04/2029;27.25796655
11/04/2029;27.2592257
12/04/2029;27.26048491
13/04/2029;27.26174418
14/04/2029;27.2630035
15/04/2029;27.26426289
16/04/2029;27.26552233
17/04/2029;27.26678183
18/04/2029;27.26804139
19/04/2029;27.26930101
20/04/2029;27.27056069
21/04/2029;27.27182042
22/04/2029;27.27308021
23/04/2029;27.27434006
24/04/2029;27.27559997
25/04/2029;27.27685994
26/04/2029;27.27811996
27/04/2029;27.27938004
28/04/2029;27.28064018
29/04/2029;27.28190038
30/04/2029;27.28316064
01/05/2029;27.28442096
02/05/2029;27.28568133
03/05/2029;27.28694176
04/05/2029;27.28820225
05/05/2029;27.2894628
06/05/2029;27.29072341
07/05/2029;27.29198407
08/05/2029;27.2932448
09/05/2029;27.29450558
10/05/2029;27.29576642
11/05/2029;27.29702732
12/05/2029;27.29828827
13/05/2029;27.29954929
14/05/2029;27.30081036
15/05/2029;27.30207149
16/05/2029;27.30333268
17/05/2029;27.30459393
18/05/2029;27.30585524
19/05/2029;27.3071166
20/05/2029;27.30837802
21/05/2029;27.3096395
22/05/2029;27.31090104
23/05/2029;27.31216264
24/05/2029;27.31342429
25/05/2029;27.31468601
26/05/2029;27.31594778
27/05/2029;27.31720961
28/05/2029;27.3184715
29/05/2029;27.31973345
30/05/2029;27.32099545
31/05/2029;27.32225751
01/06/2029;27.32351964
02/06/2029;27.32478182
03/06/2029;27.32604406
04/06/2029;27.32730635
05/06/2029;27.32856871
06/06/2029;27.32983112
07/06/2029;27.33109359
08/06/2029;27.33235612
09/06/2029;27.33361871
10/06/2029;27.33488136
11/06/2029;27.33614406
12/06/2029;27.33740683
13/06/2029;27.33866965
14/06/2029;27.33993253
15/06/2029;27.34119547
16/06/2029;27.34245846
17/06/2029;27.34372152
18/06/2029;27.34498463
19/06/2029;27.3462478
20/06/2029;27.34751103
21/06/2029;27.34877432
22/06/2029;27.35003767
23/06/2029;27.35130107
24/06/2029;27.35256454
25/06/2029;27.35382806
26/06/2029;27.35509164
27/06/2029;27.35635528
28/06/2029;27.35761897
29/06/2029;27.35888273
30/06/2029;27.36014654
01/07/2029;27.36141041
02/07/2029;27.36267434
03/07/2029;27.36393833
04/07/2029;27.36520238
05/07/2029;27.36646649
06/07/2029;27.36773065
07/07/2029;27.36899487
08/07/2029;27.37025915
09/07/2029;27.37152349
10/07/2029;27.37278789
11/07/2029;27.37405235
12/07/2029;27.37531686
13/07/2029;27.37658143
14/07/2029;27.37784606
15/07/2029;27.37911075
16/07/2029;27.3803755
17/07/2029;27.38164031
18/07/2029;27.38290517
19/07/2029;27.3841701
20/07/2029;27.38543508
21/07/2029;27.38670012
22/07/2029;27.38796522
23/07/2029;27.38923038
24/07/2029;27.39049559
25/07/2029;27.39176086
26/07/2029;27.3930262
27/07/2029;27.39429159
28/07/2029;27.39555704
29/07/2029;27.39682255
30/07/2029;27.39808811
31/07/2029;27.39935374
01/08/2029;27.40061942
02/08/2029;27.40188516
03/08/2029;27.40315096
04/08/2029;27.40441682
05/08/2029;27.40568274
06/08/2029;27.40694871
07/08/2029;27.40821475
08/08/2029;27.40948084
09/08/2029;27.41078952
10/08/2029;27.41209826
11/08/2029;27.41340706
12/08/2029;27.41471593
13/08/2029;27.41602486
14/08/2029;27.41733385
15/08/2029;27.4186429
16/08/2029;27.41995202
17/08/2029;27.4212612
18/08/2029;27.42257044
19/08/2029;27.42387975
20/08/2029;27.42518911
21/08/2029;27.42649854
22/08/2029;27.42780803
23/08/2029;27.42911759
24/08/2029;27.4304272
25/08/2029;27.43173688
26/08/2029;27.43304662
27/08/2029;27.43435643
28/08/2029;27.43566629
29/08/2029;27.43697622
30/08/2029;27.43828622
31/08/2029;27.43959627
01/09/2029;27.44090639
02/09/2029;27.44221657
03/09/2029;27.44352681
04/09/2029;27.44483711
05/09/2029;27.44614748
06/09/2029;27.44745791
07/09/2029;27.4487684
08/09/2029;27.45007896
09/09/2029;27.45138957
10/09/2029;27.45270025
11/09/2029;27.454011
12/09/2029;27.4553218
13/09/2029;27.45663267
14/09/2029;27.4579436
15/09/2029;27.45925459
16/09/2029;27.46056565
17/09/2029;27.46187677
18/09/2029;27.46318795
19/09/2029;27.46449919
20/09/2029;27.4658105
21/09/2029;27.46712186
22/09/2029;27.4684333
23/09/2029;27.46974479
24/09/2029;27.47105635
25/09/2029;27.47236796
26/09/2029;27.47367965
27/09/2029;27.47499139
28/09/2029;27.4763032
29/09/2029;27.47761507
30/09/2029;27.478927
01/10/2029;27.48023899
02/10/2029;27.48155105
03/10/2029;27.48286317
04/10/2029;27.48417535
05/10/2029;27.4854876
06/10/2029;27.48679991
07/10/2029;27.48811228
08/10/2029;27.48942471
09/10/2029;27.49073721
10/10/2029;27.49204977
11/10/2029;27.49336239
12/10/2029;27.49467507
13/10/2029;27.49598782
14/10/2029;27.49730063
15/10/2029;27.4986135
16/10/2029;27.49992643
17/10/2029;27.50123943
18/10/2029;27.50255249
19/10/2029;27.50386561
20/10/2029;27.5051788
21/10/2029;27.50649205
22/10/2029;27.50780536
23/10/2029;27.50911873
24/10/2029;27.51043217
25/10/2029;27.51174567
26/10/2029;27.51305923
27/10/2029;27.51437285
28/10/2029;27.51568654
29/10/2029;27.51700029
30/10/2029;27.5183141
31/10/2029;27.51962798
01/11/2029;27.52094192
02/11/2029;27.52225592
03/11/2029;27.52356998
04/11/2029;27.52488411
05/11/2029;27.5261983
06/11/2029;27.52751255
07/11/2029;27.52882686
08/11/2029;27.53014124
09/11/2029;27.53145568
10/11/2029;27.53277018
11/11/2029;27.53408475
12/11/2029;27.53539938
13/11/2029;27.53671407
14/11/2029;27.53802882
15/11/2029;27.53934364
16/11/2029;27.54065852
17/11/2029;27.54197346
18/11/2029;27.54328846
19/11/2029;27.54460353
20/11/2029;27.54591866
21/11/2029;27.54723385
22/11/2029;27.54854911
23/11/2029;27.54986443
24/11/2029;27.55117981
25/11/2029;27.55249526
26/11/2029;27.55381076
27/11/2029;27.55512633
28/11/2029;27.55644197
29/11/2029;27.55775766
30/11/2029;27.55907342
01/12/2029;27.56038924
02/12/2029;27.56170513
03/12/2029;27.56302107
04/12/2029;27.56433708
05/12/2029;27.56565316
06/12/2029;27.56696929
07/12/2029;27.56828549
08/12/2029;27.56960175
09/12/2029;27.57091807
10/12/2029;27.57223446
11/12/2029;27.57355091
12/12/2029;27.57486742
13/12/2029;27.576184
14/12/2029;27.57750064
15/12/2029;27.57881734
16/12/2029;27.5801341
17/12/2029;27.58145093
18/12/2029;27.58276782
19/12/2029;27.58408477
20/12/2029;27.58540179
21/12/2029;27.58671887
22/12/2029;27.58803601
23/12/2029;27.58935321
24/12/2029;27.59067048
25/12/2029;27.59198781
26/12/2029;27.5933052
27/12/2029;27.59462266
28/12/2029;27.59594018
29/12/2029;27.59725776
30/12/2029;27.5985754
31/12/2029;27.59989311
01/01/2030;27.60121088
02/01/2030;27.60252871
03/01/2030;27.60384661
04/01/2030;27.60516457
05/01/2030;27.60648259
06/01/2030;27.60780068
07/01/2030;27.60911882
08/01/2030;27.61043703
09/01/2030;27.61175531
10/01/2030;27.61307365
11/01/2030;27.61439204
12/01/2030;27.61571051
13/01/2030;27.61702903
14/01/2030;27.61834762
15/01/2030;27.61966627
16/01/2030;27.62098499
17/01/2030;27.62230376
18/01/2030;27.6236226
19/01/2030;27.62494151
20/01/2030;27.62626047
21/01/2030;27.6275795
22/01/2030;27.6288986
23/01/2030;27.63021775
24/01/2030;27.63153697
25/01/2030;27.63285625
26/01/2030;27.63417559
27/01/2030;27.635495
28/01/2030;27.63681447
29/01/2030;27.63813401
30/01/2030;27.6394536
31/01/2030;27.64077326
01/02/2030;27.64209298
02/02/2030;27.64341277
03/02/2030;27.64473262
04/02/2030;27.64605253
05/02/2030;27.6473725
06/02/2030;27.64869254
07/02/2030;27.65001264
08/02/2030;27.6513328
09/02/2030;27.65265303
10/02/2030;27.65397332
11/02/2030;27.65529367
12/02/2030;27.65661409
13/02/2030;27.65793456
14/02/2030;27.65925511
15/02/2030;27.66057571
16/02/2030;27.66189638
17/02/2030;27.66321711
18/02/2030;27.6645379
19/02/2030;27.66585876
20/02/2030;27.66717968
21/02/2030;27.66850066
22/02/2030;27.66982171
23/02/2030;27.67114282
24/02/2030;27.67246399
25/02/2030;27.67378523
26/02/2030;27.67510652
27/02/2030;27.67642788
28/02/2030;27.67774931
01/03/2030;27.6790708
02/03/2030;27.68039235
03/03/2030;27.68171396
04/03/2030;27.68303564
05/03/2030;27.68435738
06/03/2030;27.68567918
07/03/2030;27.68700105
08/03/2030;27.68832298
09/03/2030;27.68964497
10/03/2030;27.69096703
11/03/2030;27.69228914
12/03/2030;27.69361133
13/03/2030;27.69493357
14/03/2030;27.69625588
15/03/2030;27.69757825
16/03/2030;27.69890068
17/03/2030;27.70022318
18/03/2030;27.70154574
19/03/2030;27.70286837
20/03/2030;27.70419105
21/03/2030;27.7055138
22/03/2030;27.70683662
23/03/2030;27.70815949
24/03/2030;27.70948243
25/03/2030;27.71080544
26/03/2030;27.7121285
27/03/2030;27.71345163
28/03/2030;27.71477482
29/03/2030;27.71609808
30/03/2030;27.7174214
31/03/2030;27.71874478
01/04/2030;27.72006822
02/04/2030;27.72139173
03/04/2030;27.7227153
04/04/2030;27.72403894
05/04/2030;27.72536263
06/04/2030;27.7266864
07/04/2030;27.72801022
08/04/2030;27.72933411
09/04/2030;27.73065806
10/04/2030;27.73198207
11/04/2030;27.73330615
12/04/2030;27.73463029
13/04/2030;27.73595449
14/04/2030;27.73727876
15/04/2030;27.73860309
16/04/2030;27.73992748
17/04/2030;27.74125194
18/04/2030;27.74257646
19/04/2030;27.74390104
20/04/2030;27.74522569
21/04/2030;27.7465504
22/04/2030;27.74787517
23/04/2030;27.7492
24/04/2030;27.7505249
25/04/2030;27.75184987
26/04/2030;27.75317489
27/04/2030;27.75449998
28/04/2030;27.75582513
29/04/2030;27.75715035
30/04/2030;27.75847563
01/05/2030;27.75980097
02/05/2030;27.76112637
03/05/2030;27.76245184
04/05/2030;27.76377737
05/05/2030;27.76510297
06/05/2030;27.76642863
07/05/2030;27.76775435
08/05/2030;27.76908013
09/05/2030;27.77040598
10/05/2030;27.77173189
11/05/2030;27.77305787
12/05/2030;27.77438391
13/05/2030;27.77571001
14/05/2030;27.77703617
15/05/2030;27.7783624
16/05/2030;27.77968869
17/05/2030;27.78101505
18/05/2030;27.78234147
19/05/2030;27.78366795
20/05/2030;27.78499449
21/05/2030;27.7863211
22/05/2030;27.78764777
23/05/2030;27.78897451
24/05/2030;27.7903013
25/05/2030;27.79162817
26/05/2030;27.79295509
27/05/2030;27.79428208
28/05/2030;27.79560913
29/05/2030;27.79693624
30/05/2030;27.79826342
31/05/2030;27.79959066
01/06/2030;27.80091797
02/06/2030;27.80224534
03/06/2030;27.80357277
04/06/2030;27.80490026
05/06/2030;27.80622782
06/06/2030;27.80755545
07/06/2030;27.80888313
08/06/2030;27.81021088
09/06/2030;27.81153869
10/06/2030;27.81286657
11/06/2030;27.81419451
12/06/2030;27.81552251
13/06/2030;27.81685057
14/06/2030;27.8181787
15/06/2030;27.8195069
16/06/2030;27.82083515
17/06/2030;27.82216347
18/06/2030;27.82349185
19/06/2030;27.8248203
20/06/2030;27.82614881
21/06/2030;27.82747738
22/06/2030;27.82880602
23/06/2030;27.83013472
24/06/2030;27.83146348
25/06/2030;27.83279231
26/06/2030;27.8341212
27/06/2030;27.83545015
28/06/2030;27.83677917
29/06/2030;27.83810825
30/06/2030;27.83943739
01/07/2030;27.8407666
02/07/2030;27.84209587
03/07/2030;27.84342521
04/07/2030;27.8447546
05/07/2030;27.84608407
06/07/2030;27.84741359
07/07/2030;27.84874318
08/07/2030;27.85007283
09/07/2030;27.85140255
10/07/2030;27.85273232
11/07/2030;27.85406217
12/07/2030;27.85539207
13/07/2030;27.85672204
14/07/2030;27.85805207
15/07/2030;27.85938217
16/07/2030;27.86071233
17/07/2030;27.86204255
18/07/2030;27.86337284
19/07/2030;27.86470319
20/07/2030;27.86603361
21/07/2030;27.86736408
22/07/2030;27.86869462
23/07/2030;27.87002523
24/07/2030;27.8713559
25/07/2030;27.87268663
26/07/2030;27.87401742
27/07/2030;27.87534828
28/07/2030;27.8766792
29/07/2030;27.87801019
30/07/2030;27.87934124
31/07/2030;27.88067235
01/08/2030;27.88200353
02/08/2030;27.88333477
03/08/2030;27.88466607
04/08/2030;27.88599744
05/08/2030;27.88732887
06/08/2030;27.88866036
07/08/2030;27.88999192
08/08/2030;27.89136107
09/08/2030;27.89273029
10/08/2030;27.89409957
11/08/2030;27.89546892
12/08/2030;27.89683834
13/08/2030;27.89820783
14/08/2030;27.89957738
15/08/2030;27.900947
16/08/2030;27.90231669
17/08/2030;27.90368645
18/08/2030;27.90505627
19/08/2030;27.90642616
20/08/2030;27.90779612
21/08/2030;27.90916614
22/08/2030;27.91053623
23/08/2030;27.91190639
24/08/2030;27.91327662
25/08/2030;27.91464691
26/08/2030;27.91601727
27/08/2030;27.9173877
28/08/2030;27.9187582
29/08/2030;27.92012876
30/08/2030;27.92149939
31/08/2030;27.92287009
01/09/2030;27.92424085
02/09/2030;27.92561168
03/09/2030;27.92698258
04/09/2030;27.92835355
05/09/2030;27.92972458
06/09/2030;27.93109568
07/09/2030;27.93246685
08/09/2030;27.93383809
09/09/2030;27.93520939
10/09/2030;27.93658076
11/09/2030;27.9379522
12/09/2030;27.9393237
13/09/2030;27.94069528
14/09/2030;27.94206691
15/09/2030;27.94343862
16/09/2030;27.9448104
17/09/2030;27.94618224
18/09/2030;27.94755415
19/09/2030;27.94892612
20/09/2030;27.95029817
21/09/2030;27.95167028
22/09/2030;27.95304246
23/09/2030;27.9544147
24/09/2030;27.95578701
25/09/2030;27.95715939
26/09/2030;27.95853184
27/09/2030;27.95990436
28/09/2030;27.96127694
29/09/2030;27.96264959
30/09/2030;27.96402231
01/10/2030;27.96539509
02/10/2030;27.96676794
03/10/2030;27.96814086
04/10/2030;27.96951385
05/10/2030;27.9708869
06/10/2030;27.97226003
07/10/2030;27.97363322
08/10/2030;27.97500647
09/10/2030;27.9763798
10/10/2030;27.97775319
11/10/2030;27.97912665
12/10/2030;27.98050017
13/10/2030;27.98187377
14/10/2030;27.98324743
15/10/2030;27.98462116
16/10/2030;27.98599495
17/10/2030;27.98736881
18/10/2030;27.98874275
19/10/2030;27.99011674
20/10/2030;27.99149081
21/10/2030;27.99286494
22/10/2030;27.99423914
23/10/2030;27.99561341
24/10/2030;27.99698775
25/10/2030;27.99836215
26/10/2030;27.99973662
27/10/2030;28.00111116
28/10/2030;28.00248576
29/10/2030;28.00386044
30/10/2030;28.00523518
31/10/2030;28.00660998
01/11/2030;28.00798486
02/11/2030;28.0093598
03/11/2030;28.01073481
04/11/2030;28.01210989
05/11/2030;28.01348504
06/11/2030;28.01486025
07/11/2030;28.01623553
08/11/2030;28.01761088
09/11/2030;28.01898629
10/11/2030;28.02036178
11/11/2030;28.02173733
12/11/2030;28.02311294
13/11/2030;28.02448863
14/11/2030;28.02586438
15/11/2030;28.0272402
16/11/2030;28.02861609
17/11/2030;28.02999205
18/11/2030;28.03136807
19/11/2030;28.03274416
20/11/2030;28.03412032
21/11/2030;28.03549655
22/11/2030;28.03687284
23/11/2030;28.0382492
24/11/2030;28.03962563
25/11/2030;28.04100212
26/11/2030;28.04237869
27/11/2030;28.04375532
28/11/2030;28.04513202
29/11/2030;28.04650878
30/11/2030;28.04788562
01/12/2030;28.04926252
02/12/2030;28.05063949
03/12/2030;28.05201653
04/12/2030;28.05339363
05/12/2030;28.0547708
06/12/2030;28.05614804
07/12/2030;28.05752535
08/12/2030;28.05890272
09/12/2030;28.06028017
10/12/2030;28.06165768
11/12/2030;28.06303525
12/12/2030;28.0644129
13/12/2030;28.06579061
14/12/2030;28.06716839
15/12/2030;28.06854624
16/12/2030;28.06992416
17/12/2030;28.07130214
18/12/2030;28.07268019
19/12/2030;28.07405831
20/12/2030;28.0754365
21/12/2030;28.07681475
22/12/2030;28.07819307
23/12/2030;28.07957146
24/12/2030;28.08094992
25/12/2030;28.08232845
26/12/2030;28.08370704
27/12/2030;28.0850857
28/12/2030;28.08646443
29/12/2030;28.08784322
30/12/2030;28.08922208
31/12/2030;28.09060102
01/01/2031;28.09198001
02/01/2031;28.09335908
03/01/2031;28.09473821
04/01/2031;28.09611742
05/01/2031;28.09749668
06/01/2031;28.09887602
07/01/2031;28.10025543
08/01/2031;28.1016349
09/01/2031;28.10301444
10/01/2031;28.10439405
11/01/2031;28.10577372
12/01/2031;28.10715347
13/01/2031;28.10853328
14/01/2031;28.10991316
15/01/2031;28.1112931
16/01/2031;28.11267312
17/01/2031;28.1140532
18/01/2031;28.11543335
19/01/2031;28.11681357
20/01/2031;28.11819385
21/01/2031;28.11957421
22/01/2031;28.12095463
23/01/2031;28.12233512
24/01/2031;28.12371567
25/01/2031;28.1250963
26/01/2031;28.12647699
27/01/2031;28.12785775
28/01/2031;28.12923858
29/01/2031;28.13061947
30/01/2031;28.13200043
31/01/2031;28.13338146
01/02/2031;28.13476256
02/02/2031;28.13614373
03/02/2031;28.13752496
04/02/2031;28.13890627
05/02/2031;28.14028764
06/02/2031;28.14166907
07/02/2031;28.14305058
08/02/2031;28.14443215
09/02/2031;28.14581379
10/02/2031;28.1471955
11/02/2031;28.14857728
12/02/2031;28.14995912
13/02/2031;28.15134104
14/02/2031;28.15272302
15/02/2031;28.15410507
16/02/2031;28.15548718
17/02/2031;28.15686937
18/02/2031;28.15825162
19/02/2031;28.15963394
20/02/2031;28.16101632
21/02/2031;28.16239878
22/02/2031;28.1637813
23/02/2031;28.16516389
24/02/2031;28.16654655
25/02/2031;28.16792928
26/02/2031;28.16931207
27/02/2031;28.17069494
28/02/2031;28.17207787
01/03/2031;28.17346087
02/03/2031;28.17484393
03/03/2031;28.17622707
04/03/2031;28.17761027
05/03/2031;28.17899354
06/03/2031;28.18037688
07/03/2031;28.18176028
08/03/2031;28.18314376
09/03/2031;28.1845273
10/03/2031;28.18591091
11/03/2031;28.18729458
12/03/2031;28.18867833
13/03/2031;28.19006214
14/03/2031;28.19144602
15/03/2031;28.19282997
16/03/2031;28.19421399
17/03/2031;28.19559808
18/03/2031;28.19698223
19/03/2031;28.19836645
20/03/2031;28.19975074
21/03/2031;28.2011351
22/03/2031;28.20251952
23/03/2031;28.20390401
24/03/2031;28.20528857
25/03/2031;28.2066732
26/03/2031;28.2080579
27/03/2031;28.20944266
28/03/2031;28.2108275
29/03/2031;28.2122124
30/03/2031;28.21359737
31/03/2031;28.2149824
01/04/2031;28.21636751
02/04/2031;28.21775268
03/04/2031;28.21913792
04/04/2031;28.22052323
05/04/2031;28.22190861
06/04/2031;28.22329405
07/04/2031;28.22467956
08/04/2031;28.22606514
09/04/2031;28.22745079
10/04/2031;28.22883651
11/04/2031;28.23022229
12/04/2031;28.23160815
13/04/2031;28.23299407
14/04/2031;28.23438006
15/04/2031;28.23576611
16/04/2031;28.23715224
17/04/2031;28.23853843
18/04/2031;28.23992469
19/04/2031;28.24131102
20/04/2031;28.24269742
21/04/2031;28.24408388
22/04/2031;28.24547042
23/04/2031;28.24685702
24/04/2031;28.24824369
25/04/2031;28.24963042
26/04/2031;28.25101723
27/04/2031;28.2524041
28/04/2031;28.25379104
29/04/2031;28.25517805
30/04/2031;28.25656513
01/05/2031;28.25795228
02/05/2031;28.25933949
03/05/2031;28.26072677
04/05/2031;28.26211412
05/05/2031;28.26350154
06/05/2031;28.26488903
07/05/2031;28.26627658
08/05/2031;28.26766421
09/05/2031;28.2690519
10/05/2031;28.27043966
11/05/2031;28.27182748
12/05/2031;28.27321538
13/05/2031;28.27460334
14/05/2031;28.27599137
15/05/2031;28.27737947
16/05/2031;28.27876764
17/05/2031;28.28015588
18/05/2031;28.28154418
19/05/2031;28.28293255
20/05/2031;28.28432099
21/05/2031;28.2857095
22/05/2031;28.28709808
23/05/2031;28.28848672
24/05/2031;28.28987544
25/05/2031;28.29126422
26/05/2031;28.29265307
27/05/2031;28.29404198
28/05/2031;28.29543097
29/05/2031;28.29682002
30/05/2031;28.29820915
31/05/2031;28.29959834
01/06/2031;28.30098759
02/06/2031;28.30237692
03/06/2031;28.30376632
04/06/2031;28.30515578
05/06/2031;28.30654531
06/06/2031;28.30793491
07/06/2031;28.30932458
08/06/2031;28.31071431
09/06/2031;28.31210412
10/06/2031;28.31349399
11/06/2031;28.31488393
12/06/2031;28.31627394
13/06/2031;28.31766402
14/06/2031;28.31905416
15/06/2031;28.32044438
16/06/2031;28.32183466
17/06/2031;28.32322501
18/06/2031;28.32461543
19/06/2031;28.32600591
20/06/2031;28.32739647
21/06/2031;28.32878709
22/06/2031;28.33017778
23/06/2031;28.33156854
24/06/2031;28.33295937
25/06/2031;28.33435027
26/06/2031;28.33574123
27/06/2031;28.33713226
28/06/2031;28.33852336
29/06/2031;28.33991453
30/06/2031;28.34130577
01/07/2031;28.34269708
02/07/2031;28.34408845
03/07/2031;28.34547989
04/07/2031;28.3468714
05/07/2031;28.34826298
06/07/2031;28.34965463
07/07/2031;28.35104635
08/07/2031;28.35243813
09/07/2031;28.35382998
10/07/2031;28.3552219
11/07/2031;28.35661389
12/07/2031;28.35800595
13/07/2031;28.35939808
14/07/2031;28.36079027
15/07/2031;28.36218253
16/07/2031;28.36357486
17/07/2031;28.36496726
18/07/2031;28.36635973
19/07/2031;28.36775227
20/07/2031;28.36914487
21/07/2031;28.37053754
22/07/2031;28.37193028
23/07/2031;28.37332309
24/07/2031;28.37471597
25/07/2031;28.37610892
26/07/2031;28.37750193
27/07/2031;28.37889502
28/07/2031;28.38028817
29/07/2031;28.38168139
30/07/2031;28.38307467
31/07/2031;28.38446803
01/08/2031;28.38586146
02/08/2031;28.38725495
03/08/2031;28.38864851
04/08/2031;28.39004214